id,number
IXmF4GbA86E,240
NY_n387t9gA,111
FfV_uZy8-j8,154
IJn-EHd7VeU,169
4voZpsokIiY,108
rtTQYA8fkxM,142
H3VCTcmmKUk,122
0YSCYUwxg_E,87
PKWFvbgkWls,122
31crA53Dgu0,28
UknZiaIC9y8,178
2hXwz0rNNVs,83
g2nmgcVbfKE,137
W7zdMeZPkpY,2
oeCihv9A3ac,159
fXSovfzyx28,152
YdHldlDpm6M,159
4u6bWs-ZG0o,88
qYNcHOTsopk,138
yFUAuIfJNJg,200
rA7KP__DaV8,111
eiNV4eWYpxU,66
aq-7UBc3BPk,225
ODig-EXEUPE,291
-PZhroSY8-I,219
5H87zMIllBo,223
okeDc2eSJxE,135
zoYgCg6i9C8,190
1-ZEJxibLrU,388
U17_7VRTPmo,106
epkcoQmSUT0,97
HL1UzIK-flA,79
BQNiC9NguJ0,313
sxpd4c_tiLI,73
E58qLXBfLrs,90
1Uw6ZkbsAH8,87
OKHT7-TDPoQ,117
-NPx9geRcJU,58
TEDkZ02pmWo,94
Io0fBr1XBUA,89
b4ozdiGys5g,66
NaTGwlfRB_c,81
xLMoxjfPUW4,108
nF3y6vWf71E,38
BQeMxWjpr-Y,128
my0qJGUxrE0,98
QIFnS4X90x4,124
Lmxcp_i9T3s,92
bpOR_HuHRNs,236
L5Gj2wfj-zw,49
mQvteoFiMlg,265
RMM2-qudDvo,206
438fndL6pJ0,82
m04jl8VxSic,88
790QLBpW8ek,171
CiP3jC9CQUk,141
0c-xvXxzZzw,163
it_04dk_97E,141
bY4F5s9mMO4,33
ylT16QB6Uig,181
b-3BI9AspYc,82
D8yJsYMUW_k,72
KdS6HFQ_LUc,251
8ELh8eOzq_0,129
DJsjJBbOg2k,12
cEmrvCiEapM,120
DFSG8KfIvBY,199
mIBjdKn97T4,173
55AUYnFKJGQ,48
Z1FK7yKRVXQ,160
oFB-6Ncxmjc,88
3AtDnEC4zak,58
cmoCYFfKQtc,129
Wc3DDIZK3c0,52
HqTNDJgvaj0,85
YIHRlWmeodY,81
kBsycvSU6r8,288
nwyjxsOYnys,81
ixAK_UvLu0A,237
tg00YEETFzg,201
-u08GXzjJrM,191
sunoA3R1YF8,120
O6RjAeIS0w0,22
4fnN52gA5oM,33
BPNTC7uZYrI,85
afUuzGTCtuw,138
E1mU6h4Xdxc,204
euCqAq6BRa4,96
7yQdrxxPiKQ,257
YtG-c1Thfco,67
0k_1kvDh2UA,234
uxpDa-c-4Mc,95
Oxo_9KbVS0I,123
i5Sutf3rg94,81
hbJuEFs7-kU,73
m2QoJqBdfGE,89
EZW7et3tPuQ,74
IqYFWQcnBXA,210
9vMh9f41pqE,104
i_FXF5tR74U,170
iiNXf0n_hrA,126
SZ4SNgRQduE,202
n4ZIPIwGkGk,71
MBmDssOeOqU,67
dGghkjpNCQ8,164
6CHs4x2uqcQ,88
m9fUYcxP1UA,180
J9NfIai2vZs,104
WC8s_za_6g0,69
ppL8VzT4LsI,48
svIxm6Zn1_o,129
ytIfSuy_mOA,128
2TlF9d7_K_o,75
Q0yS53QjLqg,167
YkwQbuAGLj4,171
hXM0w1DPL3I,94
A-lebYNcgBk,96
iW5EzxFR4SM,190
FEKEjpTzB0Q,97
RubBzkZzpUA,163
m4S2avleyeM,257
yC1Z-SW5CVY,87
8PTDv_szmL0,91
fUiZ5vz9pUw,151
9o3Wg7vI-0w,88
B3eAMGXFw1o,151
g0LJNEQz-E4,108
z9BPMjL44Aw,49
qbbQb9bEcDQ,451
b87dBaL4qI0,87
pSx1p-WrT4k,46
ICaTsTkBPV8,96
EzqNtvQiCro,148
r2ozuCXpVJY,146
51RHQnXhzjg,56
nhBorPm6JjQ,56
ya-kUZdoleY,27
MlzrC-B6n-M,177
UFOVpYJIqrY,102
FBn3k-w2YxY,177
pNNMr5glICM,170
8aRor905cCw,146
ipUbf0W7VUg,136
HDI9inno86U,77
6s1DkSCkU9M,201
CccnAvfLPvE,165
DGIgXP9SvB8,90
ILTZ8qZbNK0,62
j5-yKhDd64s,178
pSFyrrhKj1Q,146
oHmBf4ExtZk,107
DATeKnxceP4,41
iECYZklHd74,65
e-fA-gBCkj0,210
lWA2pjMjpBs,134
fhshMjRNhs0,150
LDj8kkVwisY,105
Zen9yCyn4VA,212
Bpy4osay3vY,56
jWsdlH3qizM,97
YVkUvmDQ3HY,219
IvN5h9BE444,180
uelHwf8o7_U,129
yzTuBuRdAyA,32
gdx7gN1UyX0,155
EMPOVo-K7HM,21
MAdqQ70o2I8,143
xVqsS8RT88o,43
n_NwJLbzATY,32
G-notIVdT4w,92
rcOVxiD4W7c,115
Ys7-6_t7OEQ,170
G5Mv2iV0wkU,62
rTAZlHGOVo8,132
q22qP_0b3-I,14
xETC86u7eJo,103
wWDUMfL2rV8,70
CYJpVtgW_-g,69
mYgkp3rTLuk,129
yw6i1SAHetc,179
Ud-z3qZeeEA,96
I5canBXoCyU,51
KxJLYM9XOT4,19
yTay2mZhiXA,24
A9RPmjFeXeE,69
fy6rpExn57A,40
-iVF5B2JpZ8,325
6Djhc3Xb4eU,54
rAq585rAUbU,195
RDMsf0FoaMQ,47
D55rDDvu3n4,16
rtodyi12q-4,130
wmvQcajq9Eo,182
8aShfolR6w8,105
rFUB3hsY7ss,154
7FIOVIOvMWY,135
B_gt1etlEoI,245
i602gOecGbc,249
OmliBRZUxnk,251
myamTUmNob0,161
7F37r50VUTQ,97
AtKZKl7Bgu0,136
VkXjvHfP3MM,193
I-BIZ_37Oog,102
Q821mNXNw-I,47
fOSpFf6wTBk,171
EEuQU6a90Pc,233
OrlAKCdc18E,148
iuc19oVw39c,129
9dcVOmEQzKA,207
YWt4wmZ_EMI,200
u3VTKvdAuIY,119
plP8nLPEw0A,223
cr-Lj9TnJOE,231
JRfuAukYTKg,99
1aEImx74gLA,229
_ZTYgq4EoRo,55
LDZX4ooRsWs,151
SOI4OF7iIr4,137
2JdBDp9GbpA,121
v7iQ-mcPciY,29
m8Ed8in9Qng,143
M6t47RI4bns,100
IakDItZ7f7Q,97
LQ488QrqGE4,66
4Z9b2HiW_L8,94
hk9K032K7UM,177
fwrY0D2ACNk,215
7oxSjw83u5E,61
8W_1vg7W6Oo,235
TsMMuXZZUm8,234
8tEyAAniu5U,249
bJuWlMFToNo,152
a35rNEBNiO4,185
gaOHg-Jsrj8,218
D7IoXbkQUsA,55
Bp0phVuGjdU,41
6Sst02Q6OE0,66
M8C8XJpxYdQ,23
ytQ5CYE1VZw,191
dqHFSuLadOU,122
WckScK2Kkx0,95
9C7L0nCcsGo,275
D4hAVemuQXY,385
_dGu72BHD7Y,84
1vehcmdWNUA,93
WsptdUFthWI,79
kFLGTT4_lO4,182
j47MYli8pj4,225
qNk-xjCISYQ,105
HaivSgO1qE0,90
pa14VNsdSYM,125
v1ySZ1M8Dfc,65
rNsP4nE1_FA,166
lWzdORxIbNk,154
QjlFqgRbICY,54
n2zgJkRspfk,91
Y7OCgi7rANc,44
TQFaAbZhs94,186
EJ5KlZNh1WA,119
q-35q9ISBsI,165
i3jUme7_5wY,145
lgT1AidzRWM,115
qdDVtFvJwUc,142
Avx35Mjkkhw,192
cie140M_Wjo,242
7cDYYvOhKwg,144
BBAtAM7vtgc,141
56N9anA_PYc,78
HziChUj-moY,93
wvX1-iEAqTU,117
PfGaX8G0f2E,39
6eHWVpqbMco,47
tL715hoVb1U,98
SCG4-CTQtW0,148
qSF247RiwBo,67
H3evCDEXp4I,7
2_ScGcuXZqc,110
GMH7L1_lPVs,134
fNdeLSKSZ1M,85
t2NgsJrrAyM,50
oyEuk8j8imI,24
HkVS79y4p4Y,102
gQh87Rt0czM,215
08eonrytDGc,97
3n71KUiWn1I,178
yWeuUwpEQfs,20
lGKG0mlin6A,197
cAX0xgHoB6k,234
gOMhN-hfMtY,287
VICpS9XCYmI,119
hWmgsfiklcs,131
HZ98Io4W3po,74
cnc4ei0rKYQ,172
NGLxoKOvzu4,198
weweLG6Or-g,6
vGZMvV9KBp8,226
1FCyRLJevqI,186
obcBPXLyMzY,120
MEkGaPyYS2w,163
uKdYs6xhnhU,140
zcjCsvA_3oI,165
N7y9d478ZHE,68
jBNif9kUvkE,241
a_3bqSpmtQw,70
6ACl8s_tBzE,122
fo4p5GJDk_g,93
3U72hzeBLOw,76
3XR5mhXtpXw,82
avFq9errZCk,171
kSdtcOy6qy0,123
IDvu1ehPq0g,171
-6jhuhsG-7w,135
Z4TwbrihsNw,216
F84wsflIUPI,83
9TrQXlA7258,121
LELFIuhSPCI,50
8FOBxcluXdk,128
uv4A-gbGADw,72
x-R73KiELRY,97
C8KV0mzqTXY,90
KEI4qSrkPAs,96
RgASBDwGSSs,259
Xbw_BxDwdjk,107
4UqF0z2wZCM,164
3PAnrXiLfmk,115
v_bNfVz63jw,69
9BZMqajycaE,40
DK_0jXPuIr0,179
lBmdcInF6e0,198
u6C2N2t4NXE,67
oC-GflRB0y4,144
iVJtWWH2qWk,163
_XqyLasihg4,129
qk7DT43hwFw,266
Hb2aR-P9oe4,189
CfihYWRWRTQ,141
JC2yu2a9sHk,83
JA_UnE3l5Sk,73
QcIy9NiNbmo,112
q9MoF0NAx-E,209
Phod9cQrMZg,171
elVF7oG0pQs,33
0P_-ol5E0j8,149
_4vpXeIlMZE,122
T8oLQmqHnws,122
ShbUE88U5do,167
RSdKmX2BH7o,226
7rQb2NCuQ64,182
RV4oPdNCnx8,111
zTFBJgnNgU4,258
PGoCtJzPHkU,46
4GuqB1BQVr4,146
DwZVZ5qZnoA,147
j4SNtFQZF0A,80
37-y1qRnVNw,97
7bDLIV96LD4,104
v5Ok3_l1Opc,102
QYDI0Wp3b18,99
mM2SWM358bM,91
MIf9KebN7Og,142
GF8aaTu2kg0,133
Ic5vxw3eijY,87
u8XFFTWwSvY,74
iL7V9u_tdjs,34
EAc4zHEDd7o,187
szbl1xQvc0g,66
zXtsGAkyeIo,214
OxiPLWaVNYc,365
tjWWYhHB88Q,32
FVFdpDVEZ7k,88
Fmw72NhU5R8,128
RltdWxYcmQI,84
xzXDSWz3Nbw,195
b2AcxL88DoI,144
mLxKjMQ54Go,98
KyvEm5eJFv0,82
WeBfKGoVTJ4,73
ETNZWCNkDaI,160
dT90lx0fcYw,152
nlR0MkrRklg,106
RnpyRe_7jZA,118
T6j4f8cHBIM,129
VP7GNxLI9fM,71
00cr3g6wCG0,67
eqJ-Shv3kEw,41
kK6kNfKYaJg,154
he3DJLXbebI,88
PWjRMuyXl2o,39
fRh_vgS2dFE,67
Bm5iA4Zupek,36
eDuRoPIOBjE,189
nJSdYlAFKqA,132
ZGTe7BEsB60,42
PexGMPD1fGI,25
CvBfHwUxHIk,192
n2sH4ANbIB4,142
RhU9MZ98jxo,127
EHkozMIXZ8w,197
acI2OIH8iSw,45
FR_yo8wAgJ4,353
51vf4399MIs,123
tPZbBBdfr5E,138
-ylyBq1OFaY,47
ogy8Ms1E5OM,124
PH4JPgVD2SM,76
5WL672bjJgM,98
O5_zsUkFSrY,142
ssoEWgRBcDs,97
LUjn3RpkcKY,117
ZQ2nCGawrSY,144
Bds_z1jXIJw,162
1-TTNdyIMAE,175
0GoGcVs6pbU,181
ZvUBGN4KoP0,97
a_jyL8AnqmY,53
Wpl_6jotaHA,167
kffacxfA7G4,160
Oe4Ic7fHWf8,176
AkNVRKNFXGQ,14
FuZdC9oOw94,118
AQe8Bmgee3g,103
lysp-BVbf9Q,74
BYDKK95cpfM,171
LCSMFMsLLzU,127
Ao8cGLIMtvg,197
Wq6V9YpE1aE,236
iuz7F6diEkQ,88
4Y3a_F0nCPE,35
izo-09kA0eE,197
nAQVGx1vzrk,178
um4-d7VzZiE,249
1Tp0r9197uo,67
eTtH4Qxeofw,179
90FQRA3yiDk,190
eJO5HU_7_1w,138
klIF0nhsxxM,142
kLeqNtmhmtg,135
1cUAUrRSesE,154
LmCydrZngjY,40
09iAlDwZqzs,289
XbGs_qK2PQA,276
EyAdm1U8Xno,123
RqcjBLMaWCg,127
Co0tTeuUVhU,92
tsUmC5ulukc,181
92XVwY54h5k,172
Ys2SlX3xAeM,62
pn1VGytzXus,218
2LCFh3-xpOM,59
VvCnhyAP1m8,173
cimoNqiulUE,181
3y1hSUyjNTA,191
1wYNFfgrXTI,173
47YClVMlthI,133
U6ZVK0q9wZo,112
NT9O1ALEa7Q,152
prmmCg5bKxA,192
B5YNiCfWC3A,162
Qq5b2jRGOt0,20
X6oCebR5elk,159
orTi-PUXXy4,149
QtXby3twMmI,104
bBKrHm6qerI,141
W0uqLM1uj_k,130
tkgQBYgoCEM,118
QFcv5Ma8u8k,127
tfA6uXQAZe8,25
IqLlfuLrhxM,109
rp4UwPZfRis,123
NpL3g3UKPG8,278
LaNvMomX2-E,55
8bdvNnyyM6o,49
Xcwd_Nz6Zog,224
lHe00hyWq5I,214
YY6CJRGgVyU,145
9rXdTAOn_Bw,167
6EiBJPMIn8M,150
hwR_1EP18eo,262
1GLDAaTpagc,173
SZDmuHSqwtg,130
0RyInjfgNc4,43
YjtsaXwDcF0,132
3EZ2SFHs1cM,176
GpUFSEX_teg,105
Hpm5zNhNfmE,97
i2uOqPEOCHo,33
e0Y39QnwRvY,243
6FIksKtfBe0,133
9IJSVXeeZ0M,79
4JipHEz53sU,155
P1J1mby_5Dg,189
1kVxpsi1XQ4,77
GH-HD9DrxHo,345
vMagUxOJZDQ,79
tfrWuiQ4QNc,123
rp6VuUIgHCY,97
PXwgojNwZY4,135
Xx_jxLt-i-0,7
fP8FMdVcCQQ,154
aSLZFdqwh7E,232
IcrbM1l_BoI,120
-BDiIOglboY,178
hfPU2nM5PQ0,177
UopnGGTF5pk,58
AepbzNWEAjQ,7
8kyWDhB_QeI,62
glaG64Ao7sM,62
Dp__fMSmWWs,50
nBtDsQ4fhXY,114
IRIszAE1ZlA,137
r1qjId9PF98,13
z7i5qS5nCAA,74
drcWaTCS6bg,34
kyiB4_VHNWM,79
eY2ugWgEQVQ,135
uQZMaG1eO74,157
jE_1wyt98DY,151
X0ZVaFO7cGE,98
OaQAy-8OY54,83
NnrswAX5qFo,39
dql1ew8r_vc,161
uFdWhalhP5Y,70
KKlX4VEX1WQ,92
FPAmeM3JJQk,110
j5Z3KUOrhS0,206
nhq6xkpMJpA,67
xUetSQlxOWY,148
x3WTc6Q2wIc,143
2ZCUtnuAXg8,80
mf58RAPR8Ws,185
zzrNI66FUWE,35
qqjVwAg5fK4,207
PeFGaXCYktg,55
vJgwn7b5Iug,81
WrklZD9H5Vg,90
eJgEmw5Ke0Q,201
Jtj5Pzd9tkA,81
dQg-l9OoN-0,78
o3mP3mJDL2k,153
uM6vFI_p7vg,137
syu8uuqUVP4,73
5FJO6b8GL3M,147
e9Kcg_8gK30,26
W6e1TctNyw8,94
uxBganA7KnY,70
7LnBvuzjpr4,72
6IS6g3_pp1I,186
Gb2h7MiC_50,128
MYF7H_fpc-g,131
nkjwn240AMc,50
SeaUfrAwM4M,102
vqW18C4plZ8,126
qFrWFkjaqJc,60
NC9y_HBl_qc,55
PtQiFgGwuGM,145
3JrDVPsVbVA,118
URiDdlAS6ls,196
cl3b7dDBLpo,111
IAXcT5ZRzq8,38
lDERedWHc3s,88
IKs5OsT4dIY,177
NgIH7_HFCpU,52
l04j4llLnZM,100
pvL39XfRXXM,237
46j_q1Wr0jY,28
wi105P5bX-g,90
tkJ_koXPZzs,112
kuHRswmnMBg,79
bCfSRJENSnc,143
EVr__5Addjw,395
y-Du3QZ0eOQ,100
J4A8al4MSvU,41
ptlhMhM9CUU,95
OUDLHzgchlA,180
hXd6u9o6dYY,102
7NupeUDpcrU,168
koVHN6eO4Xg,143
hrFesnQTDls,72
DszIoEP8OAo,245
vdrqA93sW-8,206
2bSSe1clKMs,112
VroDtC62Mw8,193
HiXYDQxU3OE,86
UgyvNhmYHjo,17
Wa5B22KAkEk,161
kp5YUqEVVMw,113
OPf0YbXqDm0,148
CqPU7NSVQwY,206
GUWxNu7J_Hk,52
fhcpubAVdmc,201
0KCWqnldEag,100
YZZTSP5v8AA,62
z8IJq7iCAMg,194
cQY00k3wK1Y,253
E5ONTXHS2mM,96
FWa1VQdyH90,172
o9tJW9MDs2M,96
Q2pwY6QNNNA,70
VYJw-2NfV-k,84
URdf7WX-nlc,166
s5I4yWbnlxM,62
SiS7fNeNNY4,129
02Zm-Ayv-PA,152
BoEKWtgJQAU,65
1NktXS1GiWU,21
AGyW4G5Qfz4,116
CKhmCh68Qu0,21
aatr_2MstrI,144
YuqXhhcrN80,292
csHlIM5xOG8,106
5dmQ3QWpy1Q,31
f8zKtcKCaG8,151
67CMPOsmoLw,250
uPCal5JvzuM,209
t3Mqi-Tv7q0,196
ALZHF5UqnU4,124
nYWX-rcUv1E,91
x8Oha-TnekE,146
d379r5Ov-os,45
kXFcr6oy5dk,196
F5kNE3UD7fg,208
fRNkQH4DVg8,108
Pkgeai985rA,224
8DS-h67qEiY,67
Rw4WrkTL96Y,114
ka9AIoRw-WU,234
ywvRgGAd2XI,122
LXUSaVw3Mvk,116
S0z1Mo7O6dE,131
yZqmarGShxg,203
glxr822v9K4,196
S9bCLPwzSC0,56
Zj_kSkTSrQM,124
e82VE8UtW8A,194
Hn4yUqYKbYM,66
7NqO-4kTu_4,205
E5kJDWQSBUk,141
dMMUH_ZpbB0,145
ebXbLfLACGM,117
wO89_H7GqaQ,181
nxvm4P0jFKY,169
nB4tBgQSP3Y,145
CLsamA1bCMc,173
YpnjwJBOPu8,37
6OQlO_kUOps,226
D7FTPM4lWD0,130
HBxt_v0WF6Y,135
u1YRjCTxR80,67
cGi4hNgyhik,160
RgKAFK5djSk,107
zp7NtW_hKJI,2
ZuwfZGDWOio,205
7JddDOHtcJU,131
mB5C6NkH0hI,61
LpH6NjhUUhY,137
bvC_0foemLY,100
c7PLgW7LwhU,54
rJYcmq__nDM,92
mh5tsTa7-qQ,111
lwk7yimxAfU,147
c2MiyZx8MTY,128
HLOhxTRRRb4,50
Ekqu_Ku7nuY,165
ekAXPCphKXQ,275
MRLyREkZles,152
N2oACZJFDZ4,152
2k_S7Xx35js,110
hYgXY00DP30,85
t94vmNGDXds,136
0zGcUoRlhmw,116
mDU-5jwPKmQ,118
dULOjT9GYdQ,89
onjKcjlCb-A,201
kIll0-AyMa0,72
-zzP29emgpg,92
Vcd4bHqNgLU,129
7mWQ38SpEf8,75
fyMhvkC3A84,232
zjbIX4ryi1k,88
ayZ0vzTAEVw,74
Y34jC4I1m70,92
g5qU7p7yOY8,131
1G4isv_Fylg,124
0tVLzjk4VEk,52
mBZdHuZCfic,74
SjTt5PZ5IRg,145
a2Gh3VdnXQs,61
yd8jh9QYfEs,216
gPF2TF3S9Jk,90
FWhf1vnx7WY,90
tITkm-sBHH8,142
APyyMrH7HFY,90
UtoHI0JEfDg,138
qICes_riodM,145
Pj-Q9vx0EeQ,241
undkbBJLa-Y,97
kn4q8R2rgWA,162
nY-Xk3sGr6Q,128
n3JG3WDOjRQ,125
nntGTK2Fhb0,161
mLkpk9YxlXM,121
m7HhLuA2z0Q,126
qfX2DMQUe1Y,66
JF8BRvqGCNs,53
oYIepngsW04,103
WXpt_mU5NKA,185
ZXBcwyMUrcU,92
IvPT2QuCIOA,81
lNq2ZN2IpoA,93
qN4ooNx77u0,90
FF1hjJYuqXU,238
bhr9mYO6LsE,29
ofaRvNOV4SI,86
o_Ly93EP5Ak,65
c1Iik8iF8iw,164
n69klxarmos,238
em0RhB00rbE,125
W7LIn9sd9BA,139
gG_dA32oH44,278
6GtlXkEvcMY,20
DlHJXVDRSNE,88
oEauWw9ZGrA,175
ytK1zoq5CE8,145
hvVn7Td3eEQ,80
pPT7NdOkQdY,42
wUZuV17uheM,27
we-LaiQNY5s,64
iS1g8G_njx8,167
R-Eix23JPbI,117
sN98p-M92rc,107
-ahYrSLmMz8,13
WxQpEeRwkcA,113
iwbYwisSZkI,213
6hGza1pWZ_E,157
LWICozd_1Cc,108
0-XXX3dnlVc,21
0I73ZdXZJLY,87
mmgoztq80Bk,153
Fc_4WI8FwRg,169
Nr56aeRv3pQ,106
ZmcycnV2e10,157
HxilwT1sKSo,110
KY44zvhWhp4,218
yK8pc1BzzkY,104
fRpTyB0HLtI,100
wfN4PVaOU5Q,104
L7_jYl8A73g,63
Cp0d3-MQN_w,207
r033bxSd_eI,21
56qgO0C82vY,296
a59gmGkq_pw,64
SoJ8s90NLc4,20
Hg9ZoYolDcg,214
h2CxeEN_hsE,145
hmP7TYtDVUU,226
S4ovJ3uvwqY,57
N_b0rJhVawk,83
_sV0S8qWSy0,182
p_RqWocthcc,166
rRV28RBwf6k,125
0tRAPsKa5Ek,98
yh6QxtRpSH8,163
zz2EmsqGYlo,133
HZwMX6T5Jhk,55
9GhtZt2HYkM,101
YIh9OWvfIes,187
HmNUGBRNhf8,221
97v9Z9qMI-4,162
VgbKoNOS3I0,86
srMfJuIEz9k,134
bgKJiXf5KkY,116
dqZSbI2v_fM,120
eCeBNwBUkcI,55
wldXDdPfUSA,227
59GRKgTSFe0,90
lyw1xRXVFpY,185
JDe86ul6RmI,48
CDoVdkPXNKI,183
djyhbYsDnPg,134
0wteig3c_Ls,155
zIrhcTkHX_A,154
O5wlxT9ygtY,102
ztOGSzwxaC4,137
7AZWf-vo3wQ,74
RQ9_TKayu9s,174
rT10BHHqYUc,28
nky4me4NP70,149
m4StsX4ArqA,156
RnUu7VlIVfc,169
h6Ol3eprKiw,129
CHVhwcOg6y8,170
FQuzDgjmv4o,99
m2ua3O_fdCY,36
E_exesnCA5Y,204
h3EvwERR86o,155
IiDkVftBgak,131
k4V3Mo61fJM,138
NlmezywdxPI,211
gvTUaS54_bk,92
NYivX_GnFUY,49
rONcsZatJww,93
GLr0usOC2_k,100
wAawx1O52dw,117
g6ZN-NA9ZW8,188
U21uMLiMCf4,26
rV_gKjf8-Zg,156
8ELbX5CMomE,42
dZzkNZ2Nf9M,212
WdTcyt3DyNE,207
KledSRXC5Zo,48
q7-vUeyA3K0,113
4sTeFufqDIA,274
08DjMT-qR9g,69
0EOm92OxDmw,253
0HRJmBLpPZU,70
0kRQ8rWVI3k,49
0tkO_4tGf2E,262
1Az2J7ONvWw,150
1Cd2PTpGHbo,105
1ohYsK5Y8Dc,268
1S5h0nlE65I,87
1spQxG89Xdk,180
1ZC2JER_TOE,89
27SyS1125EA,57
2a09INp3zlY,182
2IH8tNQAzSs,329
2MCt3VrjFk8,50
2oSzKiARR5M,179
2q4uFnokRrU,82
_2wMblhDr2Q,65
2_wpOmM1d8w,147
2xk4xPdvt9o,41
3fumBcKC6RE,231
3G32BQ3JJ1c,113
3pAoC-DWNfs,82
3QiZpI1AzjA,86
3sNjS-PkB6M,6
3yl-5FOZcr0,180
409-JtKl2mA,75
43-whQz78oM,113
4CkwtG9Sj3k,43
4Hq-zs9qs5A,3
4iyIE_iqr-c,7
4Qqu-BEShw8,70
5dNEJtIRMyc,31
5EEhXhGcX0k,114
5j5NzxksXz0,21
5MwWqomm7bQ,95
5sc2mgWGu4o,94
5sMKX22BHeE,195
5vrP3YB7iAg,60
5z25pGEGBM4,141
6352tM7T8WU,83
6hyFNc3t41Y,8
6l7J1i1OkKs,11
_6SBTKmqakw,90
6ZHpLyas01A,159
_7anctpbSSo,152
7CPYoGtI75Q,80
7gCpz_FP2WE,75
7pqTa1lQjtY,240
7ua-vpqx3e8,78
7vMQyZ2QmfI,151
7y0ChoYgSek,223
81fer9ulOeA,28
_81U4ngh4tc,238
8c6OvO7BUKM,81
8Dcpy5fbt_0,196
8iAfXZa1cDQ,88
8kS2dhmJdH0,201
8QKzwqLKTok,151
8rBCaSg2mmQ,153
8rX7QybRu1k,57
9e1YdVZMBFU,59
9g1CgvXhCo4,95
9gRPsz7Gf5k,131
9pgq9QzJyc8,53
9wvooe6abUU,73
a0yA-LIM7l0,3
a1_aETw9yfw,163
a6_7txZLwvA,91
a9WYm0oZaLk,135
ADmCFmYLns4,144
AI0gk2KJeho,208
aPxVSCfoYnU,87
AqR-ElB5kXY,88
aV8NqiYjuIc,16
B9_8qHSIDfo,58
B9qZz-m6BL4,176
b9XNyeeJZ2k,104
bEVHt3r3PYg,82
bfn2yOacQ-Q,129
bgCQcSqnojY,80
BP1PsqBmbvM,153
BRmf2Uob8lA,202
bUE7wkTyLC8,60
bWZ8Itjy7Qw,67
bY89yHZO048,93
C7CjDktkHyM,103
CbEHS4J_5so,118
cBIMozddkjY,120
CCOHZ8uWhu0,64
CJ6Po7fivdk,70
cL4uhaQ58Rk,51
cNw8A5pwbVI,179
COwkCW38J54,167
CoXSznushNc,94
CPUB97ilIqE,53
DANNxk1elrw,13
DcbMPXYMh9A,69
dEFY2zYJ62w,102
dF774uTycsw,84
DJi7WupFqPQ,118
dkQ0OJ5Byls,249
dtCxmbFgnrc,192
DTMo_wEwMnw,118
E2SuYd-Z5PI,43
E4z_FH2wiCg,290
e7t9WTePAy4,20
e_9Od-l6TW8,30
eh-72yBP7sw,184
elsAYGFVMdY,84
eSFSZs8POwM,123
F0vmjT-00DU,125
f6dUH2JnN04,157
F_7baOCYg-Q,270
F8FYmRE8adM,98
FFamEq1PilQ,178
fhMlSITt7hU,152
fHoau67yI3A,5
fls8VU7XClU,208
fmTKcyp7tmo,231
fWNiVcR_keU,180
fZKdcPO8O-A,82
G1Igoc6yrKE,71
g3ORsEpnY_o,135
G6GcRqEgT98,122
GG-4aCEjtzI,5
GJ26gAc7BtU,167
-GJx_Xe-_8U,58
Gr4ywRqR-gk,103
gtgIpb1J2bI,99
gxApr8QnlGY,2
GXOwiQ5QFqk,3
GyAAwCu-Lu4,234
-H2Lp7uRUTs,54
hBvmN4GTcEk,96
Hke2SSFLh5I,29
HKErmFliQG0,78
hnOEg6T1mHs,169
Hq0JWpzsdXs,195
HQ15ZjMig1U,46
HQEZ-RiW7X0,64
hunha8UtqCk,44
HuTXNjp985g,82
HVPJb0AV1AU,136
hXsYqGuNr6M,93
I0MT8SwNa_U,71
I26EwcssMbY,100
i2WABj3CBiU,6
IajZTuxdv3Q,102
icaVRciv0kI,176
icnBNjtDYZ8,65
ICVv9bfthes,99
IgLcQmlN2Xg,166
IltwiyqKhEI,160
iMpxUVHL8W8,80
iNa2-sHcIUY,130
ingU4oNUbEE,216
iQUx0dp_BbM,113
IrgqUZaeRuc,106
IZNRTJ6q3sY,182
J12t-MOYuYM,85
j4fXfxJCehY,7
J7Flypi2rrs,157
Jd4ov1i-eJA,146
jeWYdbi5CbM,47
jEy9ygty4JQ,153
jKbR7u8J5PU,213
jzhQEOuSQyw,111
_K6MoWuAXjQ,258
K7KfDoBJ0bY,8
KAfOI37aK4A,167
Kf8608tigwQ,35
kG-1kFGEYV8,183
KiO2-R8yKjE,30
krpdSno_qXI,7
kTcnP_-IQYc,153
Kwp3pVbVrh0,106
KxJTpDeKNjg,112
kYfguGh_890,175
KyPj6xVS08M,161
l03TayANCbc,102
lazyDlfaptM,26
lBK3ae0pBGA,70
LbouTdwOrVw,155
lJlccP0VWCo,286
LLSahvcy7fc,167
LLTLqGusGOE,152
ls6Lv2qL2Uw,114
lTurfn7vvCk,192
m0YDvzOXpwI,102
mGRBVUo7R7M,183
MGyJGbZKDmI,159
MKVBLu1zkog,172
MNS-Ho5tWo0,218
mS969DYxUSY,105
mTF1d_1Kd80,132
Mx_CmyOCSyI,212
mytLRy32Viw,145
N17FXwRWEZs,392
N6LDslTbW8o,135
_Nb4EHY_2bI,178
Nc7B6tk60eI,186
n_lMnq-4kmc,2
nmjdaBaZe8Y,126
NMQ8QwVD7co,75
NnNnkPbXH6E,122
NPce-skLCt0,212
nq4ojnkcwFs,121
n-Tj9dObRLE,102
nWCdG0RacIk,59
nxNnnR4XCyk,88
NXrLrg7U_6Y,164
O8Z-T5VcP88,184
oJ3XXubFxhA,116
OM8FCtZALyU,9
OQLuhelCaDQ,84
orhJ1TzREZU,57
Or-ykUkRMeM,69
oUbpGmR1-QM,110
OxxNSG1GM7M,23
oy37OlRPomA,110
p2cQSPRTdhg,164
p7K0ooqNWEo,110
pOGljjwb_iQ,97
PscXGpsF3dY,134
PT7rNpBtytY,132
PxmT-E6sfn8,28
Pyx-wNEttEk,39
Q10AqolSgQg,145
Q4dPrjh9wCc,236
qFJ3VKnwmJw,89
qH1oww65y1Q,6
qpgTC9MDx1o,232
QptiPrhr6bo,233
QrbZ8UYvi14,224
qteSJHiR-ls,3
QXEGyrPxEvE,41
r7Cge4cOo_o,22
rFo1UmS4sgE,43
rFSWtsFqKJ4,129
RH4Kb865AK0,4
rhBwt9mw7Sk,231
rhj_GGsb3So,98
Rl3ELiPXFRo,106
Rop0lzrsC7s,10
rPZtXYaY4do,105
rV8NHsmVMPE,141
rYEDA3JcQqw,118
rZWwH1NJsKs,21
s1XozsBN5Z4,132
s6Nc4qEI3k4,116
sAebYQgy4n4,211
-SBj50bho48,236
SCv9CkIRUio,64
se3TUhpn0II,113
-sEvExZNllA,72
sGLOE9LVNmc,118
sIWgF4QB89A,3
sncDtok7LRE,57
sNrNqcKXMKE,114
snTZ7X8OMuc,67
SS0aCc9e-mQ,119
SsAm32tesvg,5
SUjitYrRFn0,151
SYbh6ob_R9M,105
_t1gfn9aqiQ,40
T7Z4dU8ZK40,29
tdDF39UoZtg,64
tf_fT3HfHIk,73
tIDlV6lkcT4,41
tISjbqqWc7U,144
tkClJp0jSgA,132
tlnMVb2XVVk,100
TmJ8wXJ9y3A,87
-TniSwqqr6s,115
TNsOqVBzrYo,196
TofVHNce9Hg,104
ToP82VUjrNU,74
tpleNoWqvsc,3
TSNerxNwWtU,175
tU3p6mz-uxU,91
TucHVw0NVR8,73
u6nuMv6sULw,195
U9FXpzwCyRQ,125
udb1jmH-37I,55
UHNNmu2KzW0,165
UiAujAOzePk,178
uIsT-9DQMnE,282
UkiHbmreLaQ,163
uMhalar35IY,243
uNSBq6hvU1s,113
UROLAsyc_KU,158
UzCcgwtvOf0,68
v4gCRuoviw0,196
v52AqofLXXM,151
V7m8oZeY-7k,44
_VBG02qe8F4,79
VBppx70Ebjk,112
VdXQ5wAtr1M,107
vH020rDYBXo,134
vHJAUuicC0Q,153
VICB2228hb8,134
vkK70XE6dS8,157
VlMEGBsw6j8,111
VMCDTHx6cDI,137
vuEVH1OtVl4,212
vxIMLHEKPUE,59
W_0rrS4seLo,8
w6QGe-pXgdI,231
Wa64gOwuIyE,2
WaV4Bc31OPA,314
WBKnpyoFEBo,124
_wmD3M-BfVo,204
wnUD7T5hQAs,37
wROiQkB5-vM,130
wXHX_MOPWCs,124
wzMrK-aGCug,104
XgFiWGIVP6s,136
xgJyoKUHzpQ,2
xH5t1WBPGbU,140
XPpTgCho5ZA,131
XQbdsq05Khg,87
XTWDTBkj6xU,138
y5gre_VD2MM,76
Y7ix6RITXM0,119
y8Gf4-eT3w0,150
yABPLSymyHk,36
YAg6cLi1lic,109
YazYP7ngaE8,103
YcEgXlYIFi8,22
yFk8k3npvpo,151
Ylp0mjGk5mo,26
yn_6LC4loY8,218
YvC84NpZ3Y4,129
_y_Xpps46Uc,189
YZx5WXwNUVM,87
z29nI8RQV0U,85
Z4ufe-B_C2Y,125
ZBx-M2oRBLg,204
ZC1F_gq2wY4,35
ZoWsL3vXSLw,302
Zpeb0PSeU9A,64
ZQnCHHiziEs,34
zsOoCtj2pw4,180
ZXIA-U2mL3U,276
gIDde0NJN9M,79
cduBUfiRc3w,159
eiCsYwJNXyo,79
AewNd29wRUM,88
no1YHRhFr5A,146
qonGRB0ekys,66
Rs5mbEV8KmM,16
uztCqjxrkjQ,150
Z-CozqGfCTA,307
Sgp0WDMH88g,143
9ozcWZI3VL0,159
