file,duration
data/qk7DT43hwFw.mp4,973.356667
data/xnF3ePutWaA.mp4,879.966611
data/kf-PeiqIKW4.mp4,806.011056
data/WzBrQl9n1Bo.mp4,798.046611
data/3RLwuDQSkDI.mp4,792.381
data/ZYYC00U46T0.mp4,776.707478
data/zs7xO5P3Az4.mp4,736.839
data/-iVF5B2JpZ8.mp4,734.214956
data/2F2GlWMb_l4.mp4,727.806
data/kBsycvSU6r8.mp4,719.609611
data/Eoot_1KUNcM.mp4,694.508833
data/YbAY21j0C00.mp4,641.683333
data/yw73FbsaukY.mp4,634.321667
data/EGlnzxr6V8g.mp4,614.0517
data/ucMUdtVpNUo.mp4,608.084167
data/WKaJ64D1NWA.mp4,604.554733
data/1B2ws7WYnRU.mp4,564.755
data/Xa9nJch8Ydk.mp4,545.552833
data/BXsuEh8nX4M.mp4,529.600722
data/Z-CozqGfCTA.mp4,522.006667
data/L7_jYl8A73g.mp4,508.888522
data/do5iG7RaQAA.mp4,496.6516
data/drV0QatqbRU.mp4,491.218133
data/gOMhN-hfMtY.mp4,489.661667
data/giVZdYtLuvE.mp4,489.523078
data/-to0TAz4n0M.mp4,486.48
data/ylT16QB6Uig.mp4,486.178333
data/lYO77zNhWl4.mp4,474.894511
data/KrcpaBMuo88.mp4,467.812422
data/vPp5Ty9EE6k.mp4,465.072467
data/HL1UzIK-flA.mp4,454.042989
data/le_S57ikiLM.mp4,453.578589
data/W7zdMeZPkpY.mp4,452.022856
data/VgbKoNOS3I0.mp4,445.753467
data/f7GtAajflDc.mp4,445.312289
data/-Mxjmti325o.mp4,443.895
data/oeCihv9A3ac.mp4,441.898333
data/4wZytWFm7x0.mp4,440.575411
data/9ozcWZI3VL0.mp4,440.133333
data/w9h4gleVFCw.mp4,439.251878
data/hXM0w1DPL3I.mp4,436.65
data/iVJtWWH2qWk.mp4,435.977867
data/BQNiC9NguJ0.mp4,434.188333
data/EVr__5Addjw.mp4,428.105
data/Dm6leMY126c.mp4,425.459222
data/B3eAMGXFw1o.mp4,421.860133
data/GxgqpCdOKak.mp4,421.860133
data/xtIr8k4eC7o.mp4,420.141856
data/m04jl8VxSic.mp4,420.048333
data/dguQ0VsYu88.mp4,418.121722
data/NaTGwlfRB_c.mp4,417.100044
data/t6LYj0c4GAY.mp4,413.826022
data/qbbQb9bEcDQ.mp4,408.462222
data/a35rNEBNiO4.mp4,406.117
data/m1exrqvI0d8.mp4,401.681667
data/qAeonWAW21I.mp4,400.566667
data/H-ulITczkwQ.mp4,397.084444
data/WGjSWlG3VvQ.mp4,394.088333
data/zYKh2wvhaWE.mp4,393.671111
data/2iFa5We6zqw.mp4,387.657133
data/Q-xJHa6UoGQ.mp4,386.1014
data/2OnO3UXFZdE.mp4,385.428022
data/vKw7yvoZ-Tg.mp4,385.055
data/qOv7Ar-QNKY.mp4,384.963622
data/B_gt1etlEoI.mp4,380.505389
data/b00GaIEKDAM.mp4,380.087
data/FF1hjJYuqXU.mp4,377.394
data/OxiPLWaVNYc.mp4,376.858333
data/eDuRoPIOBjE.mp4,374.188333
data/tfnCJilpLGc.mp4,373.980589
data/T7m9Cu-bjOE.mp4,373.841267
data/rBhxewPd09Q.mp4,370.636933
data/jnnMYmL7Fbs.mp4,370.613689
data/XbGs_qK2PQA.mp4,369.22
data/1wYNFfgrXTI.mp4,368.685
data/ewnkEzjNx2Q.mp4,368.222033
data/xxcmkJwFPsg.mp4,367.803333
data/sbKL_QRwI-Q.mp4,367.780856
data/J9kfcU7zZyo.mp4,367.501667
data/t3Mqi-Tv7q0.mp4,365.551744
data/qgrLfM3CLqs.mp4,365.365
data/47YClVMlthI.mp4,365.249878
data/MEkGaPyYS2w.mp4,364.4604
data/DszIoEP8OAo.mp4,364.3443
data/7cDYYvOhKwg.mp4,363.646667
data/CDoVdkPXNKI.mp4,363.322622
data/EEuQU6a90Pc.mp4,363.136867
data/aSLZFdqwh7E.mp4,362.811667
data/UBQYDZ4fOK8.mp4,360.303333
data/Zhf8wtqCAT0.mp4,358.539311
data/EtR2y4ho5Xw.mp4,358.376778
data/zXtsGAkyeIo.mp4,357.331878
data/h3EvwERR86o.mp4,356.4263
data/RZIzD0ZfTFg.mp4,355.869
data/2Hqj8O5Cj58.mp4,351.666211
data/R4em3LKQCAQ.mp4,351.642989
data/GKSRyLdjsPA.mp4,351.526889
data/KG903HXedvE.mp4,350.898333
data/eV4DXAsx4LE.mp4,350.016667
data/b2AcxL88DoI.mp4,348.276089
data/hwR_1EP18eo.mp4,346.999
data/x8Oha-TnekE.mp4,346.395
data/xLMoxjfPUW4.mp4,345.906667
data/ixAK_UvLu0A.mp4,344.4448
data/RV4oPdNCnx8.mp4,344.282267
data/jh9R9iYHCPE.mp4,342.795
data/qN4ooNx77u0.mp4,341.378333
data/lBmdcInF6e0.mp4,340.821667
data/WrIfA_-ZRCw.mp4,340.776044
data/Pmv8aQKO6k0.mp4,340.358089
data/nlR0MkrRklg.mp4,339.940133
data/sEhy-RXkNo0.mp4,339.940133
data/eCZGm3KG8ck.mp4,339.684711
data/WeDzI5IJt3o.mp4,339.288333
data/C0Z-0kn28ss.mp4,338.058333
data/167pfeTF9uA.mp4,337.291667
data/z44xsHJcUVI.mp4,334.528333
data/6OQlO_kUOps.mp4,334.437
data/7Dqgr0wNyPo.mp4,333.624956
data/uztCqjxrkjQ.mp4,333.553333
data/R-Eix23JPbI.mp4,332.461667
data/iHhQUjztm6E.mp4,332.254322
data/yK8pc1BzzkY.mp4,331.788333
data/koVHN6eO4Xg.mp4,331.138333
data/f1xtzc7ErBY.mp4,330.79
data/HxilwT1sKSo.mp4,330.418333
data/1Ldzm7KGECI.mp4,330.326667
data/j5Z3KUOrhS0.mp4,328.957089
data/r--s6388vJM.mp4,328.005078
data/yyr2gEouEMM.mp4,328.005078
data/D4hAVemuQXY.mp4,327.701667
data/nDaIMEQGXTo.mp4,327.586667
data/tqtzl8YoDtU.mp4,327.191667
data/ZGTe7BEsB60.mp4,326.913733
data/TsMMuXZZUm8.mp4,326.890511
data/v0hmtyABXvg.mp4,326.843333
data/dNVNzRzDt-k.mp4,326.751
data/okeDc2eSJxE.mp4,326.101033
data/8W_1vg7W6Oo.mp4,325.705
data/YkwQbuAGLj4.mp4,325.473333
data/09iAlDwZqzs.mp4,324.683333
data/VkXjvHfP3MM.mp4,324.591744
data/URdf7WX-nlc.mp4,324.5453
data/YtG-c1Thfco.mp4,324.311667
data/Cp0d3-MQN_w.mp4,323.708333
data/02Zm-Ayv-PA.mp4,323.266667
data/mdzqGxgOCWU.mp4,322.966344
data/cAX0xgHoB6k.mp4,322.85
data/Gs6iSYxKZsg.mp4,322.106667
data/zG0etAbbBEM.mp4,321.805
data/DwtReW7XpcA.mp4,321.782122
data/EyAdm1U8Xno.mp4,321.781667
data/o95FLUk7o9Q.mp4,321.434
data/mDU-5jwPKmQ.mp4,321.155189
data/PtKxjwHbXdo.mp4,320.596667
data/RubBzkZzpUA.mp4,320.505033
data/Ao8cGLIMtvg.mp4,320.365711
data/YuqXhhcrN80.mp4,319.505
data/FR_yo8wAgJ4.mp4,319.436911
data/eRhEcKHU5LY.mp4,318.925
data/9ldOuVuas1c.mp4,318.53
data/EHkozMIXZ8w.mp4,318.415233
data/plP8nLPEw0A.mp4,317.531667
data/3EZ2SFHs1cM.mp4,317.508333
data/Bllwo3U2T2Q.mp4,317.206667
data/um4-d7VzZiE.mp4,316.348333
data/3PgEhrgRrhI.mp4,316.138333
data/DVgk-0dvvCo.mp4,316.115
data/T8oLQmqHnws.mp4,316.0468
data/tfrWuiQ4QNc.mp4,315.744933
data/szbl1xQvc0g.mp4,315.721722
data/QtXby3twMmI.mp4,315.628333
data/uQ_DHRI-Xp0.mp4,315.048344
data/ZXBcwyMUrcU.mp4,314.700044
data/WsPfSXJaelk.mp4,314.235644
data/eIW1GAnAuyU.mp4,314.049878
data/QFcv5Ma8u8k.mp4,314.003333
data/56qgO0C82vY.mp4,313.33
data/Krs0EL8Yzn0.mp4,313.143333
data/zOXaouay5Jk.mp4,313.143333
data/0HeCYMb_lR8.mp4,313.096667
data/m4S2avleyeM.mp4,312.958544
data/GF8aaTu2kg0.mp4,312.656689
data/5FJO6b8GL3M.mp4,312.446667
data/1-ZEJxibLrU.mp4,312.285
data/O5_zsUkFSrY.mp4,312.238333
data/v5Ok3_l1Opc.mp4,311.913333
data/RQ9_TKayu9s.mp4,311.425
data/M6t47RI4bns.mp4,311.333144
data/nhq6xkpMJpA.mp4,311.331667
data/cQY00k3wK1Y.mp4,311.193333
data/Bpy4osay3vY.mp4,311.077722
data/e8P_AyA_qTw.mp4,310.055
data/7rQb2NCuQ64.mp4,309.939944
data/JPmUsyvBFoQ.mp4,309.033333
data/Y34jC4I1m70.mp4,308.732511
data/YIh9OWvfIes.mp4,308.616411
data/wi105P5bX-g.mp4,308.453867
data/YWt4wmZ_EMI.mp4,308.266667
data/rA7KP__DaV8.mp4,307.941667
data/u1ntiso2c6U.mp4,307.918333
data/Kukac3S0_FI.mp4,307.686667
data/BQeMxWjpr-Y.mp4,307.663333
data/ZpLA1E3QLpQ.mp4,307.060678
data/1vehcmdWNUA.mp4,306.317633
data/qslMXFAeMgQ.mp4,306.176667
data/wldXDdPfUSA.mp4,305.807
data/4sTeFufqDIA.mp4,305.62
data/0I73ZdXZJLY.mp4,305.573333
data/0ZJXvLgu84c.mp4,305.388833
data/r5ldYvrrdgY.mp4,305.25
data/xn_1hFdE-5g.mp4,305.063333
data/9JntzkszLX8.mp4,304.947656
data/it_04dk_97E.mp4,304.738333
data/mtM_cc4SPJI.mp4,304.621667
data/KQ-nOWN9aw0.mp4,304.203333
data/FdD6RMICpfg.mp4,303.996
data/438fndL6pJ0.mp4,303.81
data/FJt7gNi3Nr4.mp4,303.554467
data/L7qDdwPbq7U.mp4,303.275
data/ZfItieG57uw.mp4,302.973333
data/hfPU2nM5PQ0.mp4,302.578333
data/kp5YUqEVVMw.mp4,302.531667
data/hYgXY00DP30.mp4,302.253333
data/92FCRmggNqQ.mp4,302.045
data/mQvteoFiMlg.mp4,301.858333
data/2vJGYiuoVmw.mp4,301.139589
data/67CMPOsmoLw.mp4,300.535
data/6s1DkSCkU9M.mp4,300.535
data/u8XFFTWwSvY.mp4,300.326667
data/IvPT2QuCIOA.mp4,300.280444
data/t2NgsJrrAyM.mp4,300.210789
data/MwFOIo8m2bg.mp4,300.048244
data/8U9YRPY6rrY.mp4,299.908933
data/orTi-PUXXy4.mp4,299.768333
data/e9Kcg_8gK30.mp4,299.56
data/OI3shBXlqsw.mp4,299.49
data/YVkUvmDQ3HY.mp4,299.281667
data/dzoGsNCWHEA.mp4,299.188333
data/vGZMvV9KBp8.mp4,299.141667
data/IDvu1ehPq0g.mp4,299.049789
data/ytQ5CYE1VZw.mp4,298.608333
data/JaOFuU0vQJk.mp4,298.398333
data/0hdQmd0uug0.mp4,298.0978
data/W0uqLM1uj_k.mp4,298.073333
data/DK_0jXPuIr0.mp4,297.842356
data/HaivSgO1qE0.mp4,297.726256
data/i602gOecGbc.mp4,297.725
data/TEDkZ02pmWo.mp4,297.725
data/fJ1GkJk-gmY.mp4,297.586933
data/S0z1Mo7O6dE.mp4,297.446667
data/bY4F5s9mMO4.mp4,297.006433
data/Zj_kSkTSrQM.mp4,296.981667
data/1BSf5q9WsYg.mp4,296.8439
data/GH-HD9DrxHo.mp4,296.726667
data/a2Gh3VdnXQs.mp4,296.588478
data/Wd1Iz6j4WC0.mp4,296.565
data/cr-Lj9TnJOE.mp4,296.2634
data/wO89_H7GqaQ.mp4,296.146667
data/k4V3Mo61fJM.mp4,295.845
data/ypvJZRRA6ZI.mp4,295.845
data/uxpDa-c-4Mc.mp4,295.520356
data/8tEyAAniu5U.mp4,295.381033
data/tkOlW4OVn7c.mp4,295.38
data/we-LaiQNY5s.mp4,295.241667
data/rp4UwPZfRis.mp4,295.218333
data/uM6vFI_p7vg.mp4,293.893333
data/Z-wUFRa_hZA.mp4,293.848522
data/D97OxHZzBeQ.mp4,293.546667
data/790QLBpW8ek.mp4,293.5
data/8bdvNnyyM6o.mp4,293.175
data/DGIgXP9SvB8.mp4,292.8965
data/Ys7-6_t7OEQ.mp4,292.8965
data/kMS8m45FtmQ.mp4,292.895
data/DUUvDJhfNhs.mp4,292.616667
data/iW5EzxFR4SM.mp4,292.245
data/kcASPx3-HuI.mp4,292.083333
data/XconBholZug.mp4,292.083333
data/qFrWFkjaqJc.mp4,291.178222
data/ODig-EXEUPE.mp4,291.176667
data/1Tp0r9197uo.mp4,291.085
data/a_rDG7HwBIc.mp4,290.760267
data/myamTUmNob0.mp4,290.736667
data/5i3IrQnDcxg.mp4,290.271667
data/m9fUYcxP1UA.mp4,290.249422
data/V2OrjOgrfdQ.mp4,289.923333
data/IoSiLVesu7A.mp4,289.715367
data/LDZX4ooRsWs.mp4,289.622667
data/bMVIGdAUDGg.mp4,288.716911
data/eLJMj4-kT00.mp4,288.67
data/hmP7TYtDVUU.mp4,287.926667
data/lV9QaQxAncs.mp4,287.786667
data/kXFcr6oy5dk.mp4,287.578333
data/IqYFWQcnBXA.mp4,287.183333
data/nxvm4P0jFKY.mp4,287.113333
data/AiB7HG6m6Rk.mp4,286.627111
data/MvJQVUGubm8.mp4,286.045
data/-PZhroSY8-I.mp4,285.93
data/7sZGxVuux0Q.mp4,285.837633
data/UtoHI0JEfDg.mp4,285.698311
data/XnFi5vsyAcc.mp4,285.558333
data/MmT8TgCc8eY.mp4,285.418333
data/zTFBJgnNgU4.mp4,285.116667
data/p_RqWocthcc.mp4,285.095
data/1PvBc2TOpE4.mp4,285.034744
data/mLxKjMQ54Go.mp4,284.698333
data/EZW7et3tPuQ.mp4,284.5141
data/HiXYDQxU3OE.mp4,284.466667
data/QvsqBfYFIaE.mp4,284.258333
data/SCG4-CTQtW0.mp4,283.980044
data/3JrDVPsVbVA.mp4,283.887156
data/MfMfgyNJqw8.mp4,283.887156
data/V8i0vsMlGfQ.mp4,283.631744
data/he3DJLXbebI.mp4,283.585
data/VroDtC62Mw8.mp4,283.515
data/IJn-EHd7VeU.mp4,283.468333
data/v35DxJxorvo.mp4,283.26
data/nhBorPm6JjQ.mp4,283.213778
data/MIf9KebN7Og.mp4,283.05
data/RSdKmX2BH7o.mp4,282.935
data/lWA2pjMjpBs.mp4,282.842267
data/Avx35Mjkkhw.mp4,282.4243
data/z9BPMjL44Aw.mp4,282.423333
data/k1EerYqtp1c.mp4,282.401
data/8aShfolR6w8.mp4,282.076
data/GiNUWVNtpv8.mp4,281.773333
data/7RE0lc2FcqY.mp4,281.61
data/90FQRA3yiDk.mp4,281.425
data/O1OTWCd40bc.mp4,281.100767
data/1aEImx74gLA.mp4,281.006667
data/8vRSqhhf-ks.mp4,280.961444
data/P8jOQUsTU9o.mp4,280.728333
data/3P8H-jBy84g.mp4,280.288067
data/92XVwY54h5k.mp4,280.288067
data/r2ozuCXpVJY.mp4,280.218411
data/rAq585rAUbU.mp4,280.171667
data/fP8FMdVcCQQ.mp4,280.079089
data/-BDiIOglboY.mp4,279.985
data/VcqFxFawPUc.mp4,279.938333
data/8oepS649C7U.mp4,279.893333
data/TzcpBcF7zzs.mp4,279.893333
data/0YSCYUwxg_E.mp4,279.846667
data/wmvQcajq9Eo.mp4,279.706667
data/jBNif9kUvkE.mp4,279.684344
data/SjTt5PZ5IRg.mp4,279.66
data/cEmrvCiEapM.mp4,279.265
data/lQKp_yRIa5w.mp4,279.218333
data/b69j-vRpnXE.mp4,279.010967
data/MtKbRc23BrY.mp4,278.638333
data/HZ98Io4W3po.mp4,278.384033
data/J6ZWlDks0nQ.mp4,278.129
data/rJYcmq__nDM.mp4,278.081667
data/CccnAvfLPvE.mp4,277.919633
data/Bm5iA4Zupek.mp4,277.918333
data/X7wv2VT45zI.mp4,277.873189
data/7yQdrxxPiKQ.mp4,277.803333
data/AOdM0dTJKPw.mp4,277.64
data/mIH7Rx8S-Sg.mp4,277.28
data/j47MYli8pj4.mp4,277.013333
data/rtodyi12q-4.mp4,276.990833
data/aLNWhBFn7pM.mp4,276.966667
data/wAawx1O52dw.mp4,276.758333
data/cl3b7dDBLpo.mp4,276.548333
data/YY6CJRGgVyU.mp4,276.501667
data/bCfSRJENSnc.mp4,276.41
data/qNk-xjCISYQ.mp4,276.3177
data/rV_gKjf8-Zg.mp4,276.223333
data/Hb2aR-P9oe4.mp4,275.713333
data/avFq9errZCk.mp4,275.527978
data/tg00YEETFzg.mp4,275.411878
data/kFLGTT4_lO4.mp4,275.411667
data/3n71KUiWn1I.mp4,275.365433
data/HZwMX6T5Jhk.mp4,275.341667
data/ILTZ8qZbNK0.mp4,275.249333
data/J_8xCOSekog.mp4,274.901033
data/zp7NtW_hKJI.mp4,274.621667
data/nHbFm6UfCX4.mp4,274.505
data/OanqsQgDRN4.mp4,274.0419
data/zz2EmsqGYlo.mp4,273.670378
data/31trkFE56SY.mp4,273.623333
data/n4ZIPIwGkGk.mp4,273.506667
data/e4pZDAMsv5Y.mp4,273.298333
data/Mjs-0jHdxFk.mp4,273.043333
data/fXSovfzyx28.mp4,272.903333
data/yKNxeF4KMsY.mp4,272.81
data/undkbBJLa-Y.mp4,272.5326
data/IcrbM1l_BoI.mp4,272.508333
data/oyEuk8j8imI.mp4,272.207522
data/BcEBU4K2l3E.mp4,272.16
data/n0Gxl1V800E.mp4,271.951667
data/E58qLXBfLrs.mp4,271.718333
data/NlmezywdxPI.mp4,271.65
data/6kMZDShGAUw.mp4,271.627022
data/jE_1wyt98DY.mp4,271.556667
data/KnLNG0WnGsI.mp4,271.255
data/ekAXPCphKXQ.mp4,270.883333
data/hbJuEFs7-kU.mp4,270.651667
data/OaQAy-8OY54.mp4,270.558333
data/OPf0YbXqDm0.mp4,270.441667
data/dZzkNZ2Nf9M.mp4,270.373144
data/wMH0e8kIZtE.mp4,270.233333
data/tTRO4B0ld7M.mp4,270.046667
data/nvlx35FhMoQ.mp4,269.978411
data/2_ScGcuXZqc.mp4,269.815867
data/nY-Xk3sGr6Q.mp4,269.699767
data/i2VrxrGcWl8.mp4,269.49
data/OrlAKCdc18E.mp4,269.443333
data/zN5Qyy3yEZY.mp4,269.443333
data/u_-McEvEGvI.mp4,269.373333
data/0k_1kvDh2UA.mp4,269.258333
data/ljuyyXMYT-M.mp4,269.142
data/nKriOIQGRXU.mp4,269.095
data/HBxt_v0WF6Y.mp4,268.863844
data/FfV_uZy8-j8.mp4,268.84
data/KDfD1jAU1DY.mp4,268.398333
data/tkJ_koXPZzs.mp4,268.12
data/tfA6uXQAZe8.mp4,268.096667
data/fwrY0D2ACNk.mp4,268.05
data/gIDde0NJN9M.mp4,268.05
data/n69klxarmos.mp4,267.748333
data/ktBMxkLUIwY.mp4,267.609967
data/_ncG-k_75w8.mp4,267.609967
data/lHe00hyWq5I.mp4,267.586756
data/uKdYs6xhnhU.mp4,267.540311
data/eJO5HU_7_1w.mp4,267.493333
data/UjQiJAaN8eU.mp4,267.354556
data/XUPHmKPWFmM.mp4,267.28
data/Pj-Q9vx0EeQ.mp4,267.261678
data/RDMsf0FoaMQ.mp4,267.238456
data/CKhmCh68Qu0.mp4,267.006256
data/uelHwf8o7_U.mp4,266.936589
data/K4rQOS4jFCA.mp4,266.913378
data/PrgLJsAmSbQ.mp4,266.586667
data/no1YHRhFr5A.mp4,266.541667
data/SZhozuVAnIo.mp4,266.518633
data/e0Y39QnwRvY.mp4,266.426
data/eiCsYwJNXyo.mp4,266.146667
data/lGKG0mlin6A.mp4,265.496667
data/ssoEWgRBcDs.mp4,265.45
data/UgyvNhmYHjo.mp4,265.38
data/TSO5wG7L8eI.mp4,265.31
data/KY44zvhWhp4.mp4,264.893233
data/MuwgY_TRTW0.mp4,264.706667
data/eJgEmw5Ke0Q.mp4,264.219856
data/JA_UnE3l5Sk.mp4,264.0341
data/fhshMjRNhs0.mp4,263.616144
data/ZQ2nCGawrSY.mp4,263.266667
data/MdFCZcDWoJs.mp4,263.012744
data/oYIepngsW04.mp4,262.338333
data/JgeGpk4q4Tg.mp4,262.106844
data/Wpl_6jotaHA.mp4,262.083333
data/U17_7VRTPmo.mp4,261.99
data/PT2_F-1esPk.mp4,261.804978
data/cmoCYFfKQtc.mp4,261.572789
data/Pkgeai985rA.mp4,261.571667
data/E1mU6h4Xdxc.mp4,261.41
data/PtQiFgGwuGM.mp4,261.340589
data/g0LJNEQz-E4.mp4,261.316667
data/qYNcHOTsopk.mp4,261.2477
data/szUvBhRffKE.mp4,261.108389
data/NnrswAX5qFo.mp4,261.0155
data/MBmDssOeOqU.mp4,260.945844
data/I-BIZ_37Oog.mp4,260.828333
data/v6IAJOOmDMg.mp4,260.574322
data/pvL39XfRXXM.mp4,260.365
data/K9sZyS6d23E.mp4,260.295689
data/cGi4hNgyhik.mp4,260.225
data/4u6bWs-ZG0o.mp4,260.202811
data/oFB-6Ncxmjc.mp4,260.178333
data/1G4isv_Fylg.mp4,260.108333
data/T1pAgM18Dog.mp4,260.063333
data/vJgwn7b5Iug.mp4,259.761622
data/c7PLgW7LwhU.mp4,259.715189
data/CiP3jC9CQUk.mp4,259.646
data/RMM2-qudDvo.mp4,259.621667
data/9xdyRsGOl6U.mp4,259.366667
data/TQFaAbZhs94.mp4,259.32
data/aq-7UBc3BPk.mp4,259.018333
data/PWjRMuyXl2o.mp4,258.855
data/RgASBDwGSSs.mp4,258.855
data/j5-yKhDd64s.mp4,258.785
data/fhcpubAVdmc.mp4,258.763167
data/ofaRvNOV4SI.mp4,258.530967
data/i2uOqPEOCHo.mp4,258.413333
data/S9bCLPwzSC0.mp4,258.39
data/lNq2ZN2IpoA.mp4,258.321989
data/lysp-BVbf9Q.mp4,258.182667
data/q5vA4be_qL4.mp4,258.158333
data/z8IJq7iCAMg.mp4,258.043333
data/DFSG8KfIvBY.mp4,257.926667
data/DlQ-a1M9Tqc.mp4,257.88
data/rFUB3hsY7ss.mp4,257.764711
data/VP7GNxLI9fM.mp4,257.718267
data/Wa5B22KAkEk.mp4,257.485
data/kLeqNtmhmtg.mp4,257.415
data/v7iQ-mcPciY.mp4,257.391667
data/Wq6V9YpE1aE.mp4,257.184211
data/UkewB4bU7VI.mp4,257.043333
data/Xx_jxLt-i-0.mp4,256.741667
data/JmZJexJ1bmM.mp4,256.626933
data/5H87zMIllBo.mp4,256.557278
data/xJz3n8UTMFQ.mp4,256.522933
data/IiDkVftBgak.mp4,256.488
data/7F37r50VUTQ.mp4,256.487611
data/dQg-l9OoN-0.mp4,256.394733
data/6IS6g3_pp1I.mp4,256.348
data/aM0C03JcVgs.mp4,256.068333
data/nB4tBgQSP3Y.mp4,255.093333
data/6ACl8s_tBzE.mp4,255.07
data/OmliBRZUxnk.mp4,255.024756
data/b4ozdiGys5g.mp4,254.978311
data/0-XXX3dnlVc.mp4,254.976667
data/dUfok6_9kZQ.mp4,254.931878
data/CYJpVtgW_-g.mp4,254.861667
data/uPCal5JvzuM.mp4,254.745
data/eqJ-Shv3kEw.mp4,254.676456
data/gQh87Rt0czM.mp4,254.675
data/lgT1AidzRWM.mp4,254.56
data/OUDLHzgchlA.mp4,254.49
data/n3JG3WDOjRQ.mp4,254.397822
data/GBVotNefYME.mp4,254.351378
data/Ys2SlX3xAeM.mp4,254.2585
data/RM7lw0Ovzq0.mp4,253.933422
data/hlIcKQeky7c.mp4,253.886978
data/HkVS79y4p4Y.mp4,253.817322
data/LmCydrZngjY.mp4,253.816667
data/8ELh8eOzq_0.mp4,253.770878
data/h3pJZSTQqIg.mp4,253.748
data/SpNJzx0ZlGg.mp4,253.724444
data/VPRjCeoBqrI.mp4,253.7
data/wlk9Tw1Tu10.mp4,253.678
data/Zqhf1YSvGMg.mp4,253.620033
data/vdrqA93sW-8.mp4,253.585
data/ogy8Ms1E5OM.mp4,253.468333
data/bBKrHm6qerI.mp4,253.283256
data/BBAtAM7vtgc.mp4,253.2136
data/URiDdlAS6ls.mp4,253.143944
data/CvBfHwUxHIk.mp4,253.096667
data/pSjr6ixi4ik.mp4,253.051056
data/MlzrC-B6n-M.mp4,252.98
data/WeBfKGoVTJ4.mp4,252.958178
data/UHBDlNY87rQ.mp4,252.8653
data/kelhERQI-2o.mp4,252.516667
data/6FIksKtfBe0.mp4,252.145
data/Ly-VYUEf1E4.mp4,252.006167
data/mh5tsTa7-qQ.mp4,251.982944
data/qfX2DMQUe1Y.mp4,251.981667
data/yTay2mZhiXA.mp4,251.7043
data/lyw1xRXVFpY.mp4,251.68
data/kn4q8R2rgWA.mp4,251.61
data/gG_dA32oH44.mp4,251.332789
data/nntGTK2Fhb0.mp4,251.309567
data/M4O6jLHRPoU.mp4,251.216667
data/CqNp-KXiAHo.mp4,251.193467
data/APyyMrH7HFY.mp4,251.0077
data/g5qU7p7yOY8.mp4,250.938044
data/51vf4399MIs.mp4,250.8916
data/fUiZ5vz9pUw.mp4,250.89
data/NY_n387t9gA.mp4,250.7755
data/Xcwd_Nz6Zog.mp4,250.775
data/59GRKgTSFe0.mp4,250.752289
data/pa14VNsdSYM.mp4,250.635
data/gPF2TF3S9Jk.mp4,250.612967
data/0wteig3c_Ls.mp4,250.52
data/BPNTC7uZYrI.mp4,250.52
data/7bDLIV96LD4.mp4,250.426667
data/nLnpvbBSjUY.mp4,250.357544
data/zoYgCg6i9C8.mp4,250.171789
data/tPZbBBdfr5E.mp4,250.125344
data/Z9LH0ChM1eI.mp4,249.938333
data/fyMhvkC3A84.mp4,249.8
data/agFMqNB9BYM.mp4,249.753822
data/WdTcyt3DyNE.mp4,249.753333
data/GpUFSEX_teg.mp4,249.706667
data/TTF3c-qN9hU.mp4,249.637722
data/sN98p-M92rc.mp4,249.475
data/0GoGcVs6pbU.mp4,249.428744
data/1kg0EdD7tzE.mp4,249.405522
data/SZ4SNgRQduE.mp4,249.311667
data/CWbf26tibqQ.mp4,249.218333
data/UopnGGTF5pk.mp4,248.94
data/tsUmC5ulukc.mp4,248.917911
data/HziChUj-moY.mp4,248.825
data/Oe4Ic7fHWf8.mp4,248.662
data/W7LIn9sd9BA.mp4,248.639267
data/-zzP29emgpg.mp4,248.639267
data/b-3BI9AspYc.mp4,248.592833
data/DATeKnxceP4.mp4,248.476667
data/rT10BHHqYUc.mp4,248.476667
data/49lY0HqqUVc.mp4,248.221311
data/IKs5OsT4dIY.mp4,248.221311
data/C-HtSzu7K9Y.mp4,248.198089
data/LDj8kkVwisY.mp4,248.011667
data/S-l6a34mwWw.mp4,247.617589
data/E_exesnCA5Y.mp4,247.57
data/ImaEa8lH_eo.mp4,247.546667
data/JF8BRvqGCNs.mp4,247.501489
data/ETNZWCNkDaI.mp4,247.408333
data/SQ2HstgvzZ4.mp4,247.221667
data/FM7MFYoylVs.mp4,247.129967
data/miF_YTKRSU4.mp4,247.129967
data/7MVRRTIMl3U.mp4,247.121867
data/iECYZklHd74.mp4,247.106756
data/0zGcUoRlhmw.mp4,246.920989
data/51RHQnXhzjg.mp4,246.920989
data/IvN5h9BE444.mp4,246.92
data/RnpyRe_7jZA.mp4,246.873333
data/bgKJiXf5KkY.mp4,246.758333
data/pPT7NdOkQdY.mp4,246.526256
data/ksoGkhHHO5M.mp4,246.512933
data/MYF7H_fpc-g.mp4,246.433333
data/Ecq5Jd5BcHk.mp4,246.363333
data/iRYoleDodHc.mp4,246.34
data/rp6VuUIgHCY.mp4,246.316667
data/dGghkjpNCQ8.mp4,246.293333
data/aatr_2MstrI.mp4,246.015411
data/ayZ0vzTAEVw.mp4,246.015411
data/fNdeLSKSZ1M.mp4,245.922533
data/wvX1-iEAqTU.mp4,245.828333
data/CNUd4kZqjyA.mp4,245.620678
data/pSFyrrhKj1Q.mp4,245.573333
data/9dcVOmEQzKA.mp4,245.55
data/iiNXf0n_hrA.mp4,245.504578
data/_dGu72BHD7Y.mp4,245.481356
data/-u08GXzjJrM.mp4,245.433333
data/JRfuAukYTKg.mp4,245.249156
data/F5kNE3UD7fg.mp4,245.178333
data/8kyWDhB_QeI.mp4,245.063333
data/dqZSbI2v_fM.mp4,244.924078
data/QcIy9NiNbmo.mp4,244.877633
data/S6Kkh4CNzBI.mp4,244.76
data/t94vmNGDXds.mp4,244.76
data/MAdqQ70o2I8.mp4,244.736667
data/a7yFkCMGrLY.mp4,244.46
data/WsptdUFthWI.mp4,244.343578
data/AQe8Bmgee3g.mp4,244.296667
data/eY2ugWgEQVQ.mp4,244.204256
data/cimoNqiulUE.mp4,243.972056
data/rTAZlHGOVo8.mp4,243.971667
data/H5pOZcAEOnQ.mp4,243.808333
data/Hn4yUqYKbYM.mp4,243.808333
data/HmNUGBRNhf8.mp4,243.761667
data/zIrhcTkHX_A.mp4,243.715
data/fOSpFf6wTBk.mp4,243.5541
data/1kVxpsi1XQ4.mp4,243.53
data/hvVn7Td3eEQ.mp4,243.3219
data/uQZMaG1eO74.mp4,243.298678
data/0c-xvXxzZzw.mp4,243.298333
data/ztOGSzwxaC4.mp4,243.205
data/4uPgHAaU78A.mp4,243.159578
data/KdS6HFQ_LUc.mp4,243.088333
data/n2sH4ANbIB4.mp4,243.043256
data/em0RhB00rbE.mp4,242.927156
data/8FOBxcluXdk.mp4,242.881
data/CHVhwcOg6y8.mp4,242.88
data/6Djhc3Xb4eU.mp4,242.834278
data/E5ONTXHS2mM.mp4,242.834278
data/v1ySZ1M8Dfc.mp4,242.764622
data/6TI5ta70mAg.mp4,242.693333
data/h2CxeEN_hsE.mp4,242.693333
data/AtN6StBjltg.mp4,242.625
data/Xo2h3JjWIec.mp4,242.369878
data/BYDKK95cpfM.mp4,242.091244
data/Ic5vxw3eijY.mp4,241.881667
data/n2zgJkRspfk.mp4,241.766167
data/YdHldlDpm6M.mp4,241.741667
data/1-TTNdyIMAE.mp4,241.671667
data/uxBganA7KnY.mp4,241.533967
data/ytIfSuy_mOA.mp4,241.486667
data/u3VTKvdAuIY.mp4,241.208889
data/yFUAuIfJNJg.mp4,241.091667
data/IXmF4GbA86E.mp4,241.045
data/ZuZMoIZ8k1I.mp4,241.023122
data/CqPU7NSVQwY.mp4,241.023
data/eba-JBHq7bc.mp4,241.021667
data/ka9AIoRw-WU.mp4,240.883333
data/1vvoHe_UaaE.mp4,240.743333
data/4fnN52gA5oM.mp4,240.72
data/AoWiVJ7ZCpI.mp4,240.605167
data/axySrE0Kg6k.mp4,240.465
data/EzqNtvQiCro.mp4,240.4194
data/PKWFvbgkWls.mp4,240.373
data/tG66ccUYoSU.mp4,240.373
data/nLhcmwvI1Dg.mp4,240.371667
data/iE_54CU7Fxk.mp4,240.326522
data/rKKXYlGb7AU.mp4,240.301667
data/m8Ed8in9Qng.mp4,240.21
data/G5Mv2iV0wkU.mp4,240.047889
data/Gn_7roOj07k.mp4,239.908567
data/GuYEJnqNS2M.mp4,239.885344
data/i_FXF5tR74U.mp4,239.862122
data/qjfsM2Dkbf4.mp4,239.721667
data/Lh3TokLzzmw.mp4,239.513333
data/c1Iik8iF8iw.mp4,239.443333
data/Q2pwY6QNNNA.mp4,239.303333
data/rONcsZatJww.mp4,239.165
data/rRV28RBwf6k.mp4,239.072644
data/PH4JPgVD2SM.mp4,238.886667
data/YpnjwJBOPu8.mp4,238.794011
data/fo4p5GJDk_g.mp4,238.747567
data/Nsm88tX8CIA.mp4,238.7
data/UX6K7waag5Q.mp4,238.421667
data/q9MoF0NAx-E.mp4,238.213333
data/kSdtcOy6qy0.mp4,238.050967
data/FBn3k-w2YxY.mp4,237.748333
data/ytK1zoq5CE8.mp4,237.446667
data/RgKAFK5djSk.mp4,237.423333
data/H3VCTcmmKUk.mp4,237.377589
data/VVYTzauIb_4.mp4,237.284711
data/yw6i1SAHetc.mp4,237.261489
data/Gb2h7MiC_50.mp4,237.26
data/lhVc2ATNkK8.mp4,237.145389
data/gSn5swCQCjs.mp4,236.911667
data/EYVRIXSUrHw.mp4,236.82
data/r033bxSd_eI.mp4,236.797
data/i3jUme7_5wY.mp4,236.471667
data/2LCFh3-xpOM.mp4,236.401667
data/Oa6AhUv-cPk.mp4,236.03
data/J9NfIai2vZs.mp4,235.868967
data/ICaTsTkBPV8.mp4,235.775
data/Dzp-HlqQbgY.mp4,235.752189
data/BBpCV4GaW04.mp4,235.588333
data/LpH6NjhUUhY.mp4,235.565
data/_jODAY0nJp4.mp4,235.52
data/7atDQreame4.mp4,235.334
data/Vcd4bHqNgLU.mp4,235.286667
data/ywvRgGAd2XI.mp4,235.241356
data/pJtlLzsDICo.mp4,235.1717
data/CfihYWRWRTQ.mp4,235.171667
data/cnc4ei0rKYQ.mp4,235.125
data/NGLxoKOvzu4.mp4,235.032378
data/bpOR_HuHRNs.mp4,234.8234
data/DwZVZ5qZnoA.mp4,234.823
data/ZvUBGN4KoP0.mp4,234.8
data/CQh-lKTf7QM.mp4,234.405433
data/e-fA-gBCkj0.mp4,234.218333
data/8-06DWpwmbk.mp4,234.195
data/WckScK2Kkx0.mp4,234.171667
data/yzTuBuRdAyA.mp4,234.150578
data/ekzHIouo8Q4.mp4,234.126667
data/1FCyRLJevqI.mp4,234.080356
data/R1VhWCIe3sk.mp4,234.080356
data/ebXbLfLACGM.mp4,233.963333
data/2wbz1rB3HMw.mp4,233.916667
data/OwoeMUr80pk.mp4,233.871378
data/jWsdlH3qizM.mp4,233.476633
data/Oxo_9KbVS0I.mp4,233.36
data/yd8jh9QYfEs.mp4,233.196667
data/S1g4Uoqhhc8.mp4,233.082
data/7FIOVIOvMWY.mp4,233.035456
data/epkcoQmSUT0.mp4,232.989
data/cTwHcXFLf0g.mp4,232.942578
data/vqOnUB9gnDM.mp4,232.871667
data/FuZdC9oOw94.mp4,232.801667
data/AYU6nXZkToQ.mp4,232.6175
data/nAQVGx1vzrk.mp4,232.524622
data/WXpt_mU5NKA.mp4,232.5014
data/m__HSQFtwx4.mp4,232.431667
data/-frweUlagP8.mp4,232.1319
data/9sbuoFy32Kc.mp4,232.014
data/0KCWqnldEag.mp4,232.013778
data/glxr822v9K4.mp4,231.99
data/m2ua3O_fdCY.mp4,231.9209
data/5W15EiN178Y.mp4,231.8048
data/_sV0S8qWSy0.mp4,231.711922
data/JDe86ul6RmI.mp4,231.5726
data/L5Gj2wfj-zw.mp4,231.5726
data/dMMUH_ZpbB0.mp4,231.502944
data/DS3d-YyLYV4.mp4,231.410067
data/2vjPBrBU-TM.mp4,231.317178
data/B5YNiCfWC3A.mp4,231.177867
data/OehxXNCYvTM.mp4,231.015322
data/pn1VGytzXus.mp4,230.898333
data/ZmcycnV2e10.mp4,230.898333
data/0TFmncOtzcE.mp4,230.876
data/7AZWf-vo3wQ.mp4,230.852789
data/mBZdHuZCfic.mp4,230.690244
data/5WL672bjJgM.mp4,230.574144
data/lP3qchpqU3Q.mp4,230.504489
data/3AtDnEC4zak.mp4,230.458044
data/y-Du3QZ0eOQ.mp4,230.4116
data/ppL8VzT4LsI.mp4,230.41
data/pbW-xqZsM84.mp4,230.249067
data/7NqO-4kTu_4.mp4,230.1794
data/8PTDv_szmL0.mp4,230.155
data/whwe0KD_rGw.mp4,230.085
data/Okn0WpJqgHE.mp4,229.900767
data/PexGMPD1fGI.mp4,229.900767
data/C4M9ZPWXmXs.mp4,229.83
data/O5wlxT9ygtY.mp4,229.784667
data/FEKEjpTzB0Q.mp4,229.76
data/u1YRjCTxR80.mp4,229.738222
data/eiNV4eWYpxU.mp4,229.715
data/SZDmuHSqwtg.mp4,229.529244
data/P1J1mby_5Dg.mp4,229.505
data/kuHRswmnMBg.mp4,229.413
data/D7IoXbkQUsA.mp4,229.273822
data/iPAac-0IUKQ.mp4,229.250611
data/I-7KF78sD5Q.mp4,229.18
data/Fmw72NhU5R8.mp4,228.948333
data/vi2_xA_a3SA.mp4,228.902311
data/RhU9MZ98jxo.mp4,228.832644
data/VYJw-2NfV-k.mp4,228.738333
data/Nr56aeRv3pQ.mp4,228.670111
data/nSb0nbQa5Co.mp4,228.595033
data/I7oR_P12CZs.mp4,228.53
data/YjtsaXwDcF0.mp4,228.53
data/_0TLyjDI20Y.mp4,228.484344
data/gKM15TaKLUI.mp4,228.416667
data/ZX2KJKRViPA.mp4,228.413333
data/UgGZJxI-fFA.mp4,228.321811
data/LXUSaVw3Mvk.mp4,228.321667
data/LUzTifsJNzU.mp4,228.275367
data/Fc_4WI8FwRg.mp4,227.996667
data/zy4oyewLERc.mp4,227.903333
data/R1tnUPEDcIQ.mp4,227.786667
data/EAc4zHEDd7o.mp4,227.693333
data/nJSdYlAFKqA.mp4,227.555
data/z7i5qS5nCAA.mp4,227.532333
data/7EosYvUJZKg.mp4,227.477244
data/PeFGaXCYktg.mp4,227.462667
data/m7HhLuA2z0Q.mp4,226.998267
data/AtKZKl7Bgu0.mp4,226.928333
data/uweWiCLT8Eg.mp4,226.835733
data/kyiB4_VHNWM.mp4,226.580311
data/FPAmeM3JJQk.mp4,226.533867
data/OKHT7-TDPoQ.mp4,226.533333
data/Zen9yCyn4VA.mp4,226.417778
data/X0ZVaFO7cGE.mp4,226.416667
data/PGoCtJzPHkU.mp4,226.371333
data/FmwIB-8Eebg.mp4,226.301678
data/nYWX-rcUv1E.mp4,226.185
data/Tb4X1BWNO5k.mp4,226.139133
data/-bYxADz3ztA.mp4,226.125
data/cie140M_Wjo.mp4,226.115
data/q24MOFOscH4.mp4,225.999811
data/Sgp0WDMH88g.mp4,225.975
data/Ockhq8E2FrA.mp4,225.930156
data/E5a51OonZDE.mp4,225.906667
data/By3R8PCQaPY.mp4,225.883711
data/U21uMLiMCf4.mp4,225.860489
data/9o3Wg7vI-0w.mp4,225.814056
data/J9NQFACZYEU.mp4,225.683789
data/QjlFqgRbICY.mp4,225.442533
data/Bds_z1jXIJw.mp4,225.348333
data/e82VE8UtW8A.mp4,225.21
data/6Sst02Q6OE0.mp4,225.186667
data/q604eed4ad0.mp4,225.140678
data/hFchgev8mjc.mp4,225.024578
data/b87dBaL4qI0.mp4,224.862033
data/RnUu7VlIVfc.mp4,224.791667
data/VvCnhyAP1m8.mp4,224.791667
data/z6nfK_zhYNk.mp4,224.769156
data/kffacxfA7G4.mp4,224.769
data/W8r-eIhp4j0.mp4,224.6995
data/08eonrytDGc.mp4,224.49
data/HxKFI7FONNw.mp4,224.443333
data/oNRPB2wKjAI.mp4,224.374411
data/IqLlfuLrhxM.mp4,224.304756
data/-dK68fytu5w.mp4,224.072556
data/zbNW0Ukz1-I.mp4,224.072556
data/H3evCDEXp4I.mp4,224.0029
data/1cUAUrRSesE.mp4,224.001667
data/M8C8XJpxYdQ.mp4,223.979678
data/9tZZF3Lt7HE.mp4,223.955
data/kdemFfbS5H0.mp4,223.863333
data/IakDItZ7f7Q.mp4,223.816667
data/x8UwUCOyiyo.mp4,223.806922
data/2bSSe1clKMs.mp4,223.7707
data/xVqsS8RT88o.mp4,223.701033
data/9tJAQ_O3MMI.mp4,223.583333
data/tC5phJ7g0gw.mp4,223.583333
data/wjmd1nAH3hg.mp4,223.515278
data/NLUC6uQeAlQ.mp4,223.44
data/iwbYwisSZkI.mp4,223.399178
data/tkgQBYgoCEM.mp4,223.398333
data/tITkm-sBHH8.mp4,223.235
data/lBRW9Mvh6Io.mp4,223.027656
data/N_b0rJhVawk.mp4,222.795456
data/_XqyLasihg4.mp4,222.772244
data/bvC_0foemLY.mp4,222.748333
data/rNsP4nE1_FA.mp4,222.702578
data/56N9anA_PYc.mp4,222.563256
data/OJxsQtNGoOk.mp4,222.563256
data/N7y9d478ZHE.mp4,222.493333
data/un6PF3EvtqM.mp4,222.493333
data/h6Ol3eprKiw.mp4,222.354278
data/fRNkQH4DVg8.mp4,222.284622
data/8d0cm_hcQes.mp4,222.236667
data/GLr0usOC2_k.mp4,222.1453
data/J4A8al4MSvU.mp4,221.9131
data/KKlX4VEX1WQ.mp4,221.911667
data/4XH0x2nvnX0.mp4,221.634467
data/YQWs0AYFq4k.mp4,221.261667
data/23e702UuOFg.mp4,221.239722
data/PXwgojNwZY4.mp4,221.146667
data/37-y1qRnVNw.mp4,221.031
data/g2nmgcVbfKE.mp4,221.03
data/JC2yu2a9sHk.mp4,220.937867
data/Co0tTeuUVhU.mp4,220.751667
data/xzXDSWz3Nbw.mp4,220.705
data/kK6kNfKYaJg.mp4,220.658333
data/my0qJGUxrE0.mp4,220.658333
data/uIoNDmY3Umc.mp4,220.566344
data/f8zKtcKCaG8.mp4,220.565
data/tjWWYhHB88Q.mp4,220.264489
data/pNNMr5glICM.mp4,220.148389
data/0tRAPsKa5Ek.mp4,220.101944
data/hXd6u9o6dYY.mp4,220.101667
data/Ekqu_Ku7nuY.mp4,219.891667
data/Gi7QZSq-KxI.mp4,219.88
data/0kaTSobp_oI.mp4,219.730422
data/0RyInjfgNc4.mp4,219.730422
data/2TlF9d7_K_o.mp4,219.730422
data/g6ZN-NA9ZW8.mp4,219.73
data/FVFdpDVEZ7k.mp4,219.475011
data/hWmgsfiklcs.mp4,219.381667
data/08Z0kV8b2fA.mp4,219.288333
data/EJ5KlZNh1WA.mp4,219.103333
data/q7-vUeyA3K0.mp4,219.01
data/JLv7UaZTMsk.mp4,218.987389
data/tL715hoVb1U.mp4,218.87
data/0zYcAMAVCmU.mp4,218.44
data/KEI4qSrkPAs.mp4,218.430111
data/Rs5mbEV8KmM.mp4,218.406667
data/4JipHEz53sU.mp4,218.383333
data/yC1Z-SW5CVY.mp4,218.36
data/CLsamA1bCMc.mp4,218.336667
data/SOI4OF7iIr4.mp4,218.267567
data/55AUYnFKJGQ.mp4,218.243333
data/hZyhGkO-MC4.mp4,218.128244
data/2JdBDp9GbpA.mp4,218.081667
data/j4SNtFQZF0A.mp4,218.011667
data/8B8nLah6Gw8.mp4,217.88
data/Io0fBr1XBUA.mp4,217.849611
data/NgIH7_HFCpU.mp4,217.849611
data/UprcpdwuwCg.mp4,217.849611
data/31crA53Dgu0.mp4,217.803167
data/3y1hSUyjNTA.mp4,217.686667
data/jzYen-3VU2Q.mp4,217.663333
data/KsiLWBURhhs.mp4,217.56
data/c2MiyZx8MTY.mp4,217.385
data/3h71v0tG59k.mp4,217.268333
data/diF7ByPmPE0.mp4,217.268333
data/3t195yz9xCc.mp4,217.222667
data/4Z9b2HiW_L8.mp4,217.176233
data/NpL3g3UKPG8.mp4,217.105
data/uyuRdQbrync.mp4,217.036667
data/3fjQI3waH4c.mp4,216.944033
data/4NhKWZpkw1Q.mp4,216.944033
data/oEauWw9ZGrA.mp4,216.943333
data/ZuwfZGDWOio.mp4,216.851156
data/qSF247RiwBo.mp4,216.78
data/svIxm6Zn1_o.mp4,216.78
data/klIF0nhsxxM.mp4,216.688611
data/Zjb2iIrPwQE.mp4,216.595733
data/AepbzNWEAjQ.mp4,216.317089
data/UFOVpYJIqrY.mp4,216.316667
data/RltdWxYcmQI.mp4,216.293867
data/E5kJDWQSBUk.mp4,216.271
data/7mWQ38SpEf8.mp4,216.270656
data/dULOjT9GYdQ.mp4,216.246667
data/dT90lx0fcYw.mp4,216.178
data/2vkko-vX06I.mp4,216.108111
data/Ca1i6DZC3iY.mp4,216.108111
data/mf58RAPR8Ws.mp4,216.061667
data/Phod9cQrMZg.mp4,216.061667
data/FWa1VQdyH90.mp4,215.991667
data/mmgoztq80Bk.mp4,215.921667
data/Dp__fMSmWWs.mp4,215.899133
data/vqW18C4plZ8.mp4,215.875911
data/8DS-h67qEiY.mp4,215.783033
data/yvX9aWTgBww.mp4,215.758333
data/N2oACZJFDZ4.mp4,215.596667
data/srMfJuIEz9k.mp4,215.481178
data/4Y3a_F0nCPE.mp4,215.341667
data/jRblCISu8Zc.mp4,215.318633
data/EUkgIEk6ea8.mp4,215.063211
data/1Uw6ZkbsAH8.mp4,214.714911
data/6EiBJPMIn8M.mp4,214.575
data/jnm7OJtcRik.mp4,214.32
data/O4-6Y_91v5I.mp4,214.083333
data/HLOhxTRRRb4.mp4,214.064756
data/xufrxhod134.mp4,214.064756
data/UknZiaIC9y8.mp4,213.691667
data/Xbw_BxDwdjk.mp4,213.577
data/8aRor905cCw.mp4,213.553333
data/qqjVwAg5fK4.mp4,213.5307
data/glaG64Ao7sM.mp4,213.484256
data/syu8uuqUVP4.mp4,213.484256
data/m4StsX4ArqA.mp4,213.343333
data/GcX2LuULmjc.mp4,213.2985
data/Y2EeO1qK0vw.mp4,213.019856
data/IZiYveiYuAI.mp4,212.973422
data/WxQpEeRwkcA.mp4,212.81
data/qWWSM3wCiKY.mp4,212.788
data/o9tJW9MDs2M.mp4,212.648344
data/97v9Z9qMI-4.mp4,212.6019
data/HDI9inno86U.mp4,212.6019
data/VICpS9XCYmI.mp4,212.6019
data/LCSMFMsLLzU.mp4,212.509022
data/yO1TgndpyYQ.mp4,212.509022
data/dqHFSuLadOU.mp4,212.462578
data/bhr9mYO6LsE.mp4,212.323256
data/KledSRXC5Zo.mp4,212.114278
data/wHyTSwyZ330.mp4,211.859
data/9rXdTAOn_Bw.mp4,211.765978
data/iL7V9u_tdjs.mp4,211.765978
data/0P_-ol5E0j8.mp4,211.603333
data/csHlIM5xOG8.mp4,211.556667
data/xUetSQlxOWY.mp4,211.4409
data/b1_HKtaXysA.mp4,211.417678
data/2hXwz0rNNVs.mp4,211.091667
data/uv4A-gbGADw.mp4,211.091667
data/BwjTqaBp1jQ.mp4,210.790744
data/PMivT7MJ41M.mp4,210.7105
data/Ud5na4v6jHs.mp4,210.581767
data/4GuqB1BQVr4.mp4,210.5121
data/OkgsNDqYSeU.mp4,210.488889
data/SiS7fNeNNY4.mp4,210.465
data/yZqmarGShxg.mp4,210.441667
data/C8KV0mzqTXY.mp4,210.348333
data/d379r5Ov-os.mp4,210.233333
data/xETC86u7eJo.mp4,210.210244
data/Jdmr9KQI6CQ.mp4,210.1638
data/Fb-eX-a4SHY.mp4,210.093333
data/QYDI0Wp3b18.mp4,209.976667
data/T6j4f8cHBIM.mp4,209.816
data/D55rDDvu3n4.mp4,209.8155
data/HqTNDJgvaj0.mp4,209.56
data/T3Y1AexoQZo.mp4,209.513333
data/NT9O1ALEa7Q.mp4,209.420767
data/Z4TwbrihsNw.mp4,209.256667
data/iuc19oVw39c.mp4,209.142267
data/QIFnS4X90x4.mp4,209.095
data/xNkMfRjFZ6M.mp4,208.875333
data/A9RPmjFeXeE.mp4,208.515189
data/fLexgOxsZu0.mp4,208.235
data/Hg9ZoYolDcg.mp4,208.096667
data/2ueRzyM7rhc.mp4,208.004344
data/gdx7gN1UyX0.mp4,207.934689
data/l04j4llLnZM.mp4,207.865
data/1GLDAaTpagc.mp4,207.841811
data/a_jyL8AnqmY.mp4,207.701667
data/6hGza1pWZ_E.mp4,207.585
data/Y7OCgi7rANc.mp4,207.26
data/RNficMqYOmI.mp4,207.168433
data/iS1g8G_njx8.mp4,207.145211
data/m2QoJqBdfGE.mp4,207.051667
data/eTtH4Qxeofw.mp4,207.028333
data/DlHJXVDRSNE.mp4,206.936233
data/NC9y_HBl_qc.mp4,206.888333
data/IRIszAE1ZlA.mp4,206.703333
data/KyvEm5eJFv0.mp4,206.563333
data/fRpTyB0HLtI.mp4,206.541489
data/zCJdr8CYIls.mp4,206.516667
data/afUuzGTCtuw.mp4,206.401667
data/Ud-z3qZeeEA.mp4,206.191667
data/-ahYrSLmMz8.mp4,206.053333
data/GUWxNu7J_Hk.mp4,205.960989
data/o3mP3mJDL2k.mp4,205.914556
data/hk9K032K7UM.mp4,205.705
data/euCqAq6BRa4.mp4,205.310833
data/9C7L0nCcsGo.mp4,205.24
data/46j_q1Wr0jY.mp4,205.171511
data/fRh_vgS2dFE.mp4,205.101856
data/jSl4pu_w7SI.mp4,205.055411
data/aJN4_Vo3NrI.mp4,205.055
data/Cs0DUoou4Q4.mp4,204.846433
data/2ZCUtnuAXg8.mp4,204.66
data/Srg2HRkn_NI.mp4,204.633333
data/mLkpk9YxlXM.mp4,204.428478
data/irBP5FnksKc.mp4,204.335
data/LQ488QrqGE4.mp4,204.311667
data/_cCXlsKl_XA.mp4,204.2195
data/ShbUE88U5do.mp4,204.149833
data/prmmCg5bKxA.mp4,204.126611
data/i5Sutf3rg94.mp4,204.103333
data/3_YY5fstW5c.mp4,204.08
data/cKW7NSgiCFo.mp4,203.638333
data/bJuWlMFToNo.mp4,203.592556
data/u6C2N2t4NXE.mp4,203.314
data/97NVHwPM8-4.mp4,203.0585
data/AGyW4G5Qfz4.mp4,203.0585
data/uFdWhalhP5Y.mp4,203.0585
data/J7it_g_gAY4.mp4,202.994456
data/zcjCsvA_3oI.mp4,202.617322
data/D8yJsYMUW_k.mp4,202.385122
data/myaN5jTh79o.mp4,202.291667
data/1fXU8SUz7eQ.mp4,202.081667
data/8VXW_gW8UpM.mp4,201.92
data/qonGRB0ekys.mp4,201.711667
data/S8vDyqJx3ik.mp4,201.641667
data/DhbB5dIoXV8.mp4,201.27
data/sxpd4c_tiLI.mp4,201.177678
data/6MXPCQt1eEA.mp4,200.875822
data/hrFesnQTDls.mp4,200.8526
data/PfGaX8G0f2E.mp4,200.829378
data/Q821mNXNw-I.mp4,200.759722
data/W6e1TctNyw8.mp4,200.179222
data/NDslM5PGkak.mp4,200.158289
data/A-lebYNcgBk.mp4,200.086344
data/3U72hzeBLOw.mp4,200.04
data/e7ospDvOvhE.mp4,200
data/SeaUfrAwM4M.mp4,199.923333
data/ya-kUZdoleY.mp4,199.877367
data/wUZuV17uheM.mp4,199.876667
data/yh6QxtRpSH8.mp4,199.784489
data/Y2Tfz-bRDe0.mp4,199.738044
data/7hCsQBl7Db4.mp4,199.645167
data/wHWBLpl8mdQ.mp4,199.4993
data/r1qjId9PF98.mp4,199.482622
data/ALZHF5UqnU4.mp4,199.4594
data/onjKcjlCb-A.mp4,199.458333
data/pScpXs7Ysdg.mp4,199.365833
data/q22qP_0b3-I.mp4,199.273333
data/AO7Suyq3xJA.mp4,199.25
data/MpmBAtUF9fM.mp4,199.111111
data/6Xf038zEVvM.mp4,199.08
data/-6jhuhsG-7w.mp4,199.041444
data/JhW1Spd4GlE.mp4,198.948333
data/Wg92RrNhB8s.mp4,198.878911
data/wCWkvmrEuL4.mp4,198.738333
data/8ELbX5CMomE.mp4,198.716367
data/lWzdORxIbNk.mp4,198.576667
data/9vMh9f41pqE.mp4,198.461
data/NIcW36J-h7Q.mp4,198.39
data/zzrNI66FUWE.mp4,198.088333
data/q-35q9ISBsI.mp4,198.019767
data/oHmBf4ExtZk.mp4,197.787567
data/eWflgjYgFj4.mp4,197.763333
data/9TrQXlA7258.mp4,197.718
data/X6oCebR5elk.mp4,197.625
data/Bp0phVuGjdU.mp4,197.462489
data/U6ZVK0q9wZo.mp4,197.23
data/lwk7yimxAfU.mp4,196.881667
data/nwyjxsOYnys.mp4,196.812333
data/I5canBXoCyU.mp4,196.580133
data/sunoA3R1YF8.mp4,196.463333
data/O6RjAeIS0w0.mp4,196.440811
data/ehcVomMexkY.mp4,196.417589
data/drcWaTCS6bg.mp4,196.371156
data/gaOHg-Jsrj8.mp4,196.185
data/yWeuUwpEQfs.mp4,196.068333
data/uTYVqAv4wKw.mp4,196.046067
data/kIll0-AyMa0.mp4,196.045
data/x3WTc6Q2wIc.mp4,196.045
data/D7FTPM4lWD0.mp4,195.975
data/a_3bqSpmtQw.mp4,195.674556
data/acI2OIH8iSw.mp4,195.581678
data/BoEKWtgJQAU.mp4,195.535233
data/vgXG-SuApW4.mp4,195.488333
data/5qGrpADgglY.mp4,195.303033
data/fC-_5Gi7vgQ.mp4,195.24
data/FQuzDgjmv4o.mp4,195.210156
data/-fsGBb9WV4k.mp4,195.210156
data/4UqF0z2wZCM.mp4,195.186667
data/GOMjDGqm6CI.mp4,194.977956
data/VAEVJDEj0KQ.mp4,194.885078
data/lDERedWHc3s.mp4,194.745756
data/7NupeUDpcrU.mp4,194.651667
data/LELFIuhSPCI.mp4,194.629656
data/Jtj5Pzd9tkA.mp4,194.581667
data/9GhtZt2HYkM.mp4,194.513333
data/RqcjBLMaWCg.mp4,194.420678
data/wfN4PVaOU5Q.mp4,194.002711
data/-NPx9geRcJU.mp4,193.978333
data/SoJ8s90NLc4.mp4,193.956278
data/z5Otla5157c.mp4,193.840178
data/Jw3khjPvTPw.mp4,193.84
data/DXfRQScLRYQ.mp4,193.793733
data/zFa4qYIQICA.mp4,193.633333
data/0SMXG5cKeLI.mp4,193.607978
data/4JNtAtGGNRU.mp4,193.585
data/nky4me4NP70.mp4,193.422222
data/KxJLYM9XOT4.mp4,193.305
data/qdDVtFvJwUc.mp4,193.1668
data/G-notIVdT4w.mp4,193.143333
data/r4THCa0Go1M.mp4,193.059567
data/3PAnrXiLfmk.mp4,192.423333
data/Rw4WrkTL96Y.mp4,192.306667
data/iuz7F6diEkQ.mp4,192.213333
data/elVF7oG0pQs.mp4,191.936
data/8IevHoPIBdw.mp4,191.816622
data/rcOVxiD4W7c.mp4,191.773333
data/nPvuNsRccVw.mp4,191.448333
data/MRLyREkZles.mp4,191.332422
data/IoK_-10QvXY.mp4,191.201
data/Wc3DDIZK3c0.mp4,191.123444
data/fy6rpExn57A.mp4,190.9609
data/LUjn3RpkcKY.mp4,190.868022
data/x-R73KiELRY.mp4,190.866667
data/3XR5mhXtpXw.mp4,190.821578
data/a7G9hlkbRxQ.mp4,190.7287
data/dql1ew8r_vc.mp4,190.728333
data/_4vpXeIlMZE.mp4,190.0321
data/9BZMqajycaE.mp4,189.730244
data/TkKzNz38tEg.mp4,189.521267
data/AewNd29wRUM.mp4,189.428333
data/mM2SWM358bM.mp4,189.312289
data/rNeDSn1Octc.mp4,189.241667
data/1z5t9Q_tgEM.mp4,188.824667
data/lMUwfiJ6Qrs.mp4,188.76
data/7JddDOHtcJU.mp4,188.755233
data/djyhbYsDnPg.mp4,188.708567
data/a59gmGkq_pw.mp4,188.499589
data/WrklZD9H5Vg.mp4,188.451667
data/faMPUonEC2A.mp4,188.429922
data/9IJSVXeeZ0M.mp4,187.919
data/qWv9sC5QSSc.mp4,187.524344
data/JO8KIdCiD2U.mp4,187.221667
data/6CHs4x2uqcQ.mp4,187.128333
data/1Xo5kBK0mXA.mp4,186.68
data/mYMLFiBRD3U.mp4,186.200811
data/lxUK35-ZXu0.mp4,185.3852
data/rtTQYA8fkxM.mp4,185.271667
data/nBtDsQ4fhXY.mp4,184.900489
data/Z1FK7yKRVXQ.mp4,183.879
data/qICes_riodM.mp4,183.785933
data/AkNVRKNFXGQ.mp4,183.576667
data/ilzkYga9PqA.mp4,183.205433
data/HngBI7E5IVM.mp4,182.75
data/NYivX_GnFUY.mp4,182.4624
data/Z6uCHtXWxqY.mp4,182.415
data/WibQR0tQ0P8.mp4,182.299856
data/9mKVzSssvTo.mp4,182.044444
data/ptlhMhM9CUU.mp4,181.789022
data/8rVRkYGaZ1w.mp4,181.068333
data/EMPOVo-K7HM.mp4,180.975
data/3W_anfQIcgA.mp4,180.744122
data/6eHWVpqbMco.mp4,180.0243
data/-SoKFycTmVU.mp4,179.699222
data/7oxSjw83u5E.mp4,179.281267
data/KdibK4znBPY.mp4,179.233333
data/JVpCIWCzO6M.mp4,178.9794
data/D9fYOyN5qW4.mp4,178.955
data/7LnBvuzjpr4.mp4,177.888067
data/o_Ly93EP5Ak.mp4,177.771667
data/w1kGMxHWbFE.mp4,177.051667
data/wHYOkKtI5C8.mp4,176.64
data/mboYQcI2f4A.mp4,176.355556
data/jZRdU8YQfLw.mp4,175.633333
data/gXxKHwtwEuo.mp4,174.799622
data/zjbIX4ryi1k.mp4,174.73
data/XM8t0inceYM.mp4,174.333333
data/2k_S7Xx35js.mp4,173.917456
data/obcBPXLyMzY.mp4,171.943333
data/n_NwJLbzATY.mp4,171.873333
data/oC-GflRB0y4.mp4,170.688333
data/ipUbf0W7VUg.mp4,170.596667
data/-ylyBq1OFaY.mp4,170.4809
data/XZBoRGe5dho.mp4,170.17
data/r_5QltKcuRM.mp4,170.062944
data/Hpm5zNhNfmE.mp4,169.575322
data/s5I4yWbnlxM.mp4,169.018044
data/mIBjdKn97T4.mp4,168.855
data/Wha1sKumYQ4.mp4,168.251411
data/2mwNbTL3pOs.mp4,168.126289
data/5dmQ3QWpy1Q.mp4,168.042867
data/izo-09kA0eE.mp4,167.623333
data/F84wsflIUPI.mp4,167.508744
data/prlBrfBaHpw.mp4,166.835367
data/Cf6ynsxmrXw.mp4,166.7082
data/CSDKh0YzVyA.mp4,166.649611
data/GMH7L1_lPVs.mp4,166.3
data/mB5C6NkH0hI.mp4,165.928333
data/Q0yS53QjLqg.mp4,165.673333
data/1NktXS1GiWU.mp4,164.699133
data/JCCpb-FsuyA.mp4,164.048333
data/0tVLzjk4VEk.mp4,163.885
data/hNMMN46uFCc.mp4,163.84
data/OOnbM8jztl8.mp4,163.747111
data/opGJR_dBEvY.mp4,163.747111
data/wWDUMfL2rV8.mp4,163.747111
data/KWNjyazSJy4.mp4,162.841533
data/LaNvMomX2-E.mp4,161.261667
data/dKKdJoXF7PI.mp4,161.035867
data/t-i-2ZdYu5c.mp4,161.007156
data/iLjMyxMM2WM.mp4,159.869378
data/pSx1p-WrT4k.mp4,159.010244
data/mYgkp3rTLuk.mp4,157.918333
data/Q3Qwx9ib6YM.mp4,155.504033
data/vMagUxOJZDQ.mp4,155.341489
data/c3K0URnlWXQ.mp4,153.273333
data/xFvsbQV_MCM.mp4,153.08
data/S4ovJ3uvwqY.mp4,152.764078
data/FUTBrWynlTw.mp4,152.152
data/CHfb_lwOILo.mp4,150.8
data/gvTUaS54_bk.mp4,150.58
data/Lmxcp_i9T3s.mp4,149.328
data/FcXDMXuUPB4.mp4,148.653333
data/eCeBNwBUkcI.mp4,145.147933
data/YIHRlWmeodY.mp4,144.869289
data/LWICozd_1Cc.mp4,144.868333
data/M2ewNOJJQAg.mp4,144.660311
data/-PyuMiZjYb8.mp4,144.195911
data/yOEdn25Il8w.mp4,144.056589
data/WZ3pkBM7j0M.mp4,143
data/nF3y6vWf71E.mp4,142.338311
data/YOQxYb9mnC8.mp4,140.68
data/IAXcT5ZRzq8.mp4,140.5736
data/YZZTSP5v8AA.mp4,140.411056
data/6GtlXkEvcMY.mp4,139.575
data/DJsjJBbOg2k.mp4,137.322811
data/IMnIzdzVYMI.mp4,135.813511
data/HPb7VL_EhIU.mp4,135.3
data/0Mn6nofoLVs.mp4,133.537956
data/gQlKelwPX4A.mp4,132.766667
data/m5htkJo8Bhs.mp4,132.666667
data/WjK0n57Hwb0.mp4,132.6
data/_ZTYgq4EoRo.mp4,132.562711
data/4GLR40C7PJg.mp4,131.698233
data/-_GvgpusKxc.mp4,131.2624
data/LEp0OrxWK0c.mp4,130.1717
data/6Bg11UGQ8l4.mp4,127.523989
data/iqOD1c-KMv0.mp4,127.384667
data/YgmgFLV0fp4.mp4,126.130789
data/v_bNfVz63jw.mp4,125.759267
data/43KUC-Qm2vs.mp4,124.482167
data/2vDny78dxSg.mp4,122.972878
data/i-Btqfm9BPk.mp4,121.25
data/juZUtR08Hlg.mp4,120.7206
data/RMB5T6bNd2E.mp4,120.232922
data/YUf99DUOjhE.mp4,119.582756
data/nkjwn240AMc.mp4,117.4233
data/l_vBvHoaTkA.mp4,116.950167
data/FWhf1vnx7WY.mp4,116.192644
data/Qq5b2jRGOt0.mp4,115.263844
data/P9JfNXqyL-A.mp4,113.666667
data/00cr3g6wCG0.mp4,112.454233
data/x0DDFJh_bxc.mp4,110.4
data/hqVcVa68Ddo.mp4,104.104
data/weweLG6Or-g.mp4,102.4
data/L53gjP-TtGE.mp4,102.330333
data/1w5YfmRUu98.mp4,101.865933
data/ShmeGDc3pII.mp4,99.761
data/yNWrH_TGo88.mp4,98.76
data/SQcvKZ8wSEM.mp4,98
data/ZrPfiyZGmbs.mp4,97.663333
data/79WPUuvQup0.mp4,94.64
data/X6ycgWSCSKU.mp4,93.228111
data/WC8s_za_6g0.mp4,93.042356
data/kWh7Nr9Cxlc.mp4,92.76
data/YYKar84Ykx8.mp4,90.279178
data/5daYd91k4ws.mp4,90.139856
data/4voZpsokIiY.mp4,89.303944
data/oBtMYnc-ZR4.mp4,84.44
data/JM6qgUCZwqk.mp4,74.841433
data/iAW7-HyxoyE.mp4,29.988289
